Index,Time,Theta_1,X_1,Y_1,Theta_2,X_2,Y_2,Theta_3,X_3,Y_3,Theta_4,X_4,Y_4,Theta_5,X_5,Y_5,Theta_6,X_6,Y_6,Theta_7,X_7,Y_7,Theta_8,X_8,Y_8,Theta_9,X_9,Y_9,Theta_10,X_10,Y_10
0,0.0,2.95324839790532,0.204232457373445,0.464299951630082,3.28566623409277,0.418131207950424,0.167771112551208,2.87693315124544,0.059391022069457,0.775104993371503,4.57038726665981,-0.245556939370571,0.292562748138165,4.21645475425217,-0.0159036430215443,-0.475539441390469,6.24302935357788,-0.337291327957528,-0.771320383586711,6.0952912104838,0.28365480766195994,0.844048002484679,2.87368112183244,0.852708307581305,-0.936497924362644,0.478690903516356,0.281711258905561,-0.290347398060921,5.54162445379031,0.244056445240443,0.125126832072685
1,0.005,2.95324839790532,0.204232457373445,0.464299951630082,3.28566623409277,0.3974741473811587,0.167771112551208,2.87693315124544,0.056046507214998785,0.775104993371503,4.57038726665981,-0.24726620350048076,0.292562748138165,4.21645475425217,-0.0159036430215443,-0.475539441390469,6.24302935357788,-0.337291327957528,-0.771320383586711,6.0952912104838,0.2867399253618381,0.844797286485512,2.87368112183244,0.852708307581305,-0.936497924362644,0.478690903516356,0.281711258905561,-0.290347398060921,5.54162445379031,0.24310260077671986,0.12406162955570203
2,0.01,2.95324839790532,0.204232457373445,0.464299951630082,3.28566623409277,0.33244258496368584,0.167771112551208,2.87693315124544,0.052733445751421686,0.775104993371503,4.57038726665981,-0.24896877424292035,0.292562748138165,4.21645475425217,-0.0159036430215443,-0.475539441390469,6.24302935357788,-0.337291327957528,-0.771320383586711,6.0952912104838,0.28980178856471045,0.8455436363300292,2.87368112183244,0.852708307581305,-0.936497924362644,0.478690903516356,0.281711258905561,-0.290347398060921,5.54162445379031,0.24214875631299673,0.12300059831515053
3,0.02,2.95324839790532,0.204232457373445,0.464299951630082,3.28566623409277,0.06862243568053278,0.167771112551208,2.87693315124544,0.04620168299691506,0.775104993371503,4.57038726665981,-0.2523538355653883,0.292562748138165,4.21645475425217,-0.0159036430215443,-0.475539441390469,6.24302935357788,-0.337291327957528,-0.771320383586711,6.0952912104838,0.29585575147943466,0.8470275335501141,2.87368112183244,0.852708307581305,-0.936497924362644,0.478690903516356,0.281711258905561,-0.290347398060921,5.54162445379031,0.24024106738555043,0.12089104966334265
4,0.03,2.95324839790532,0.204232457373445,0.464299951630082,3.28566623409277,-0.37459627770541964,0.167771112551208,2.87693315124544,0.03979573380593853,0.775104993371503,4.57038726665981,-0.2557121233379745,0.292562748138165,4.21645475425217,-0.0159036430215443,-0.475539441390469,6.24302935357788,-0.337291327957528,-0.771320383586711,6.0952912104838,0.3018166964061314,0.8484996941449341,2.87368112183244,0.852708307581305,-0.936497924362644,0.478690903516356,0.281711258905561,-0.290347398060921,5.54162445379031,0.23833337845810415,0.11879818611726152
5,0.08,2.95324839790532,0.204232457373445,0.464299951630082,3.28566623409277,-5.326014629369108,0.167771112551208,2.87693315124544,0.009653191304007387,0.775104993371503,4.57038726665981,-0.2721019589526809,0.292562748138165,4.21645475425217,-0.0159036430215443,-0.475539441390469,6.24302935357788,-0.337291327957528,-0.771320383586711,6.0952912104838,0.3302261512192038,0.8556844477400575,2.87368112183244,0.852708307581305,-0.936497924362644,0.478690903516356,0.281711258905561,-0.290347398060921,5.54162445379031,0.22879493382087263,0.10858414497275733
6,0.141195625958148,2.95324839790532,0.204232457373445,0.464299951630082,3.28566623409277,-17.764613527249892,0.167771112551208,2.87693315124544,-0.022958034893009845,0.775104993371503,4.57038726665981,-0.29125075595708577,0.292562748138165,4.21645475425217,-0.0159036430215443,-0.475539441390469,6.24302935357788,-0.337291327957528,-0.771320383586711,6.0952912104838,0.36183204765367366,0.8640786373679411,2.87368112183244,0.852708307581305,-0.936497924362644,0.478690903516356,0.281711258905561,-0.290347398060921,5.54162445379031,0.21712071201602218,0.09665073666601072
7,0.207195204312018,2.95324839790532,0.204232457373445,0.464299951630082,3.28566623409277,-39.36283295556364,0.167771112551208,2.87693315124544,-0.052848376080738536,0.775104993371503,4.57038726665981,-0.3107789665109726,0.292562748138165,4.21645475425217,-0.0159036430215443,-0.475539441390469,6.24302935357788,-0.337291327957528,-0.771320383586711,6.0952912104838,0.39201470550078793,0.8726391491559589,2.87368112183244,0.852708307581305,-0.936497924362644,0.478690903516356,0.281711258905561,-0.290347398060921,5.54162445379031,0.20453004553184193,0.08448088025226086
8,0.269911778067366,2.95324839790532,0.204232457373445,0.464299951630082,3.28566623409277,-68.07954382272229,0.167771112551208,2.87693315124544,-0.07617365211409476,0.775104993371503,4.57038726665981,-0.3282551233449452,0.292562748138165,4.21645475425217,-0.0159036430215443,-0.475539441390469,6.24302935357788,-0.337291327957528,-0.771320383586711,6.0952912104838,0.4169414912659522,0.8803001094970839,2.87368112183244,0.852708307581305,-0.936497924362644,0.478690903516356,0.281711258905561,-0.290347398060921,5.54162445379031,0.19256567419979723,0.07358985064426186
9,0.334568594934635,2.95324839790532,0.204232457373445,0.464299951630082,3.28566623409277,-106.37915048008762,0.167771112551208,2.87693315124544,-0.09503981045576276,0.775104993371503,4.57038726665981,-0.3451694589872917,0.292562748138165,4.21645475425217,-0.0159036430215443,-0.475539441390469,6.24302935357788,-0.337291327957528,-0.771320383586711,6.0952912104838,0.43880915406682397,0.8877147862926481,2.87368112183244,0.852708307581305,-0.936497924362644,0.478690903516356,0.281711258905561,-0.290347398060921,5.54162445379031,0.180231164837636,0.06304894442383215
10,0.426271481393239,2.95324839790532,0.204232457373445,0.464299951630082,3.28566623409277,-176.5005801092076,0.167771112551208,2.87693315124544,-0.11277774421716556,0.775104993371503,4.57038726665981,-0.36723961248382025,0.292562748138165,4.21645475425217,-0.0159036430215443,-0.475539441390469,6.24302935357788,-0.337291327957528,-0.771320383586711,6.0952912104838,0.4631553464346015,0.8973896005132879,2.87368112183244,0.852708307581305,-0.936497924362644,0.478690903516356,0.281711258905561,-0.290347398060921,5.54162445379031,0.1627371067264415,0.049294965361540946
11,0.548464660678691,2.95324839790532,0.204232457373445,0.464299951630082,3.28566623409277,-300.2764151385539,0.167771112551208,2.87693315124544,-0.1199716443153557,0.775104993371503,4.57038726665981,-0.39314901812707403,0.292562748138165,4.21645475425217,-0.0159036430215443,-0.475539441390469,6.24302935357788,-0.337291327957528,-0.771320383586711,6.0952912104838,0.4834405158543488,0.9087474139605347,2.87368112183244,0.852708307581305,-0.936497924362644,0.478690903516356,0.281711258905561,-0.290347398060921,5.54162445379031,0.13942644921320974,0.03314838881916334
12,0.707213611329607,2.95324839790532,0.204232457373445,0.464299951630082,3.28566623409277,-516.3625003007578,0.167771112551208,2.87693315124544,-0.10126173424825269,0.775104993371503,4.57038726665981,-0.4208391753922142,0.292562748138165,4.21645475425217,-0.0159036430215443,-0.475539441390469,6.24302935357788,-0.337291327957528,-0.771320383586711,6.0952912104838,0.4890516018634346,0.9208858491246884,2.87368112183244,0.852708307581305,-0.936497924362644,0.478690903516356,0.281711258905561,-0.290347398060921,5.54162445379031,0.10914208767316251,0.01589205921021017
13,0.897371923298927,2.95324839790532,0.204232457373445,0.464299951630082,3.28566623409277,-864.0411082743406,0.167771112551208,2.87693315124544,-0.03711281452774482,0.775104993371503,4.57038726665981,-0.44512617797305376,0.292562748138165,4.21645475425217,-0.0159036430215443,-0.475539441390469,6.24302935357788,-0.337291327957528,-0.771320383586711,6.0952912104838,0.464915263596953,0.9315324555464689,2.87368112183244,0.852708307581305,-0.936497924362644,0.478690903516356,0.281711258905561,-0.290347398060921,5.54162445379031,0.07286579705258733,0.0007565539208961893
14,1.1045249136585,2.95324839790532,0.204232457373445,0.464299951630082,3.28566623409277,-1362.6611439980104,0.167771112551208,2.87693315124544,0.08454411056903688,0.775104993371503,4.57038726665981,-0.4605658580717604,0.292562748138165,4.21645475425217,-0.0159036430215443,-0.475539441390469,6.24302935357788,-0.337291327957528,-0.771320383586711,6.0952912104838,0.40034296478952236,0.9383006928677269,2.87368112183244,0.852708307581305,-0.936497924362644,0.478690903516356,0.281711258905561,-0.290347398060921,5.54162445379031,0.03334745045295248,-0.008865356358952343
15,1.31274311196571,2.95324839790532,0.204232457373445,0.464299951630082,3.28566623409277,-2000.8665204619363,0.167771112551208,2.87693315124544,0.261233328687868,0.775104993371503,4.57038726665981,-0.4645069984748069,0.292562748138165,4.21645475425217,-0.0159036430215443,-0.475539441390469,6.24302935357788,-0.337291327957528,-0.771320383586711,6.0952912104838,0.29521400214478183,0.9400283564846985,2.87368112183244,0.852708307581305,-0.936497924362644,0.478690903516356,0.281711258905561,-0.290347398060921,5.54162445379031,-0.006374104687395907,-0.011321449951304376
16,1.50774512573054,2.95324839790532,0.204232457373445,0.464299951630082,3.28566623409277,-2733.2683759986453,0.167771112551208,2.87693315124544,0.4761704120512071,0.775104993371503,4.57038726665981,-0.4576721295544861,0.292562748138165,4.21645475425217,-0.0159036430215443,-0.475539441390469,6.24302935357788,-0.337291327957528,-0.771320383586711,6.0952912104838,0.16018842313966158,0.9370321794514517,2.87368112183244,0.852708307581305,-0.936497924362644,0.478690903516356,0.281711258905561,-0.290347398060921,5.54162445379031,-0.04357442293628575,-0.007062003181331298
17,1.68527547768331,2.95324839790532,0.204232457373445,0.464299951630082,3.28566623409277,-3521.4622647694755,0.167771112551208,2.87693315124544,0.7134536090176307,0.775104993371503,4.57038726665981,-0.4425961957426173,0.292562748138165,4.21645475425217,-0.0159036430215443,-0.475539441390469,6.24302935357788,-0.337291327957528,-0.771320383586711,6.0952912104838,0.006501680710647414,0.9304233962884603,2.87368112183244,0.852708307581305,-0.936497924362644,0.478690903516356,0.281711258905561,-0.290347398060921,5.54162445379031,-0.07744169160688023,0.0023332227297865058
18,1.85037083891072,2.95324839790532,0.204232457373445,0.464299951630082,3.28566623409277,-4364.714447324546,0.167771112551208,2.87693315124544,0.9697002658119297,0.775104993371503,4.57038726665981,-0.42100389343581085,0.292562748138165,4.21645475425217,-0.0159036430215443,-0.475539441390469,6.24302935357788,-0.337291327957528,-0.771320383586711,6.0952912104838,-0.16272841856419565,0.920958055984094,2.87368112183244,0.852708307581305,-0.936497924362644,0.478690903516356,0.281711258905561,-0.290347398060921,5.54162445379031,-0.10893675086550804,0.015789407974768584
19,2.01241160365468,2.95324839790532,0.204232457373445,0.464299951630082,3.28566623409277,-5301.347950057396,0.167771112551208,2.87693315124544,1.254552343728854,0.775104993371503,4.57038726665981,-0.39271484470945833,0.292562748138165,4.21645475425217,-0.0159036430215443,-0.475539441390469,6.24302935357788,-0.337291327957528,-0.771320383586711,6.0952912104838,-0.35348155348393756,0.9085570869129393,2.87368112183244,0.852708307581305,-0.936497924362644,0.478690903516356,0.281711258905561,-0.290347398060921,5.54162445379031,-0.13984908813520647,0.03341896292714284
20,2.18767651388431,2.95324839790532,0.204232457373445,0.464299951630082,3.28566623409277,-6442.233829467461,0.167771112551208,2.87693315124544,1.5998403335518152,0.775104993371503,4.57038726665981,-0.3542031535732497,0.292562748138165,4.21645475425217,-0.0159036430215443,-0.475539441390469,6.24302935357788,-0.337291327957528,-0.771320383586711,6.0952912104838,-0.587297166964583,0.8916748546654799,2.87368112183244,0.852708307581305,-0.936497924362644,0.478690903516356,0.281711258905561,-0.290347398060921,5.54162445379031,-0.17328418099669998,0.05741920350653668
21,2.38372189563335,2.95324839790532,0.204232457373445,0.464299951630082,3.28566623409277,-7883.969826359997,0.167771112551208,2.87693315124544,2.0318599169870257,0.775104993371503,4.57038726665981,-0.30138055809285835,0.292562748138165,4.21645475425217,-0.0159036430215443,-0.475539441390469,6.24302935357788,-0.337291327957528,-0.771320383586711,6.0952912104838,-0.8826909813767624,0.8685192024854814,2.87368112183244,0.852708307581305,-0.936497924362644,0.478690903516356,0.281711258905561,-0.290347398060921,5.54162445379031,-0.21068354140066278,0.09033790850636604
22,2.60683836331612,2.95324839790532,0.204232457373445,0.464299951630082,3.28566623409277,-9749.25778366467,0.167771112551208,2.87693315124544,2.582366900456484,0.775104993371503,4.57038726665981,-0.22874434379101705,0.292562748138165,4.21645475425217,-0.0159036430215443,-0.475539441390469,6.24302935357788,-0.337291327957528,-0.771320383586711,6.0952912104838,-1.2623705909189984,0.8366779251164127,2.87368112183244,0.852708307581305,-0.936497924362644,0.478690903516356,0.281711258905561,-0.290347398060921,5.54162445379031,-0.25324722289359797,0.13560433453411228
23,2.8617594623867,2.95324839790532,0.204232457373445,0.464299951630082,3.28566623409277,-12190.27358033902,0.167771112551208,2.87693315124544,3.2880064975242242,0.775104993371503,4.57038726665981,-0.12944066614186336,0.292562748138165,4.21645475425217,-0.0159036430215443,-0.475539441390469,6.24302935357788,-0.337291327957528,-0.771320383586711,6.0952912104838,-1.7528491979650564,0.7931465272567207,2.87368112183244,0.852708307581305,-0.936497924362644,0.478690903516356,0.281711258905561,-0.290347398060921,5.54162445379031,-0.30187823870053676,0.19748975383623876
24,3.15069615670549,2.95324839790532,0.204232457373445,0.464299951630082,3.28566623409277,-15381.992166594358,0.167771112551208,2.87693315124544,4.186655677810121,0.775104993371503,4.57038726665981,0.0041497164796869416,0.292562748138165,4.21645475425217,-0.0159036430215443,-0.475539441390469,6.24302935357788,-0.337291327957528,-0.771320383586711,6.0952912104838,-2.381859652841303,0.7345849892170795,2.87368112183244,0.852708307581305,-0.936497924362644,0.478690903516356,0.281711258905561,-0.290347398060921,5.54162445379031,-0.35699837194902606,0.2807424292555229
25,3.473506044824,2.95324839790532,0.204232457373445,0.464299951630082,3.28566623409277,-19518.106072747185,0.167771112551208,2.87693315124544,5.314884020573807,0.775104993371503,4.57038726665981,0.1798373438860933,0.292562748138165,4.21645475425217,-0.0159036430215443,-0.475539441390469,6.24302935357788,-0.337291327957528,-0.771320383586711,6.0952912104838,-3.1764564557575885,0.6575694326062334,2.87368112183244,0.852708307581305,-0.936497924362644,0.478690903516356,0.281711258905561,-0.290347398060921,5.54162445379031,-0.4185804568724123,0.39022983944645856
26,3.83068468243435,2.95324839790532,0.204232457373445,0.464299951630082,3.28566623409277,-24845.585558728504,0.167771112551208,2.87693315124544,6.7160183119121415,0.775104993371503,4.57038726665981,0.4067434346863588,0.292562748138165,4.21645475425217,-0.0159036430215443,-0.475539441390469,6.24302935357788,-0.337291327957528,-0.771320383586711,6.0952912104838,-4.168611787479587,0.5581014214585317,2.87368112183244,0.852708307581305,-0.936497924362644,0.478690903516356,0.281711258905561,-0.290347398060921,5.54162445379031,-0.48671903008137446,0.5316362697399356
27,4.22742074370738,2.95324839790532,0.204232457373445,0.464299951630082,3.28566623409277,-31755.957418576945,0.167771112551208,2.87693315124544,8.460485215542214,0.775104993371503,4.57038726665981,0.6988198378971752,0.292562748138165,4.21645475425217,-0.0159036430215443,-0.475539441390469,6.24302935357788,-0.337291327957528,-0.771320383586711,6.0952912104838,-5.409758810836657,0.43006493364063836,2.87368112183244,0.852708307581305,-0.936497924362644,0.478690903516356,0.281711258905561,-0.290347398060921,5.54162445379031,-0.5624039292022962,0.7136564235636392
28,4.67094355665815,2.95324839790532,0.204232457373445,0.464299951630082,3.28566623409277,-40812.58684008929,0.167771112551208,2.87693315124544,10.64511284815483,0.775104993371503,4.57038726665981,1.075229593799108,0.292562748138165,4.21645475425217,-0.0159036430215443,-0.475539441390469,6.24302935357788,-0.337291327957528,-0.771320383586711,6.0952912104838,-6.970600182760519,0.26505953575066077,2.87368112183244,0.852708307581305,-0.936497924362644,0.478690903516356,0.281711258905561,-0.290347398060921,5.54162445379031,-0.6470142851358984,0.9482325855432872
29,5.15400330070755,2.95324839790532,0.204232457373445,0.464299951630082,3.28566623409277,-52400.59746835914,0.167771112551208,2.87693315124544,13.306052070222208,0.775104993371503,4.57038726665981,1.5451121245682484,0.292562748138165,4.21645475425217,-0.0159036430215443,-0.475539441390469,6.24302935357788,-0.337291327957528,-0.771320383586711,6.0952912104838,-8.878751363598598,0.05907881199037675,2.87368112183244,0.852708307581305,-0.936497924362644,0.478690903516356,0.281711258905561,-0.290347398060921,5.54162445379031,-0.739167057637707,1.241060385356814
30,5.62898182816412,2.95324839790532,0.204232457373445,0.464299951630082,3.28566623409277,-65682.18445255638,0.167771112551208,2.87693315124544,16.20873163870971,0.775104993371503,4.57038726665981,2.0680500824323986,0.292562748138165,4.21645475425217,-0.0159036430215443,-0.475539441390469,6.24302935357788,-0.337291327957528,-0.771320383586711,6.0952912104838,-10.966618712792856,-0.17015962951172794,2.87368112183244,0.852708307581305,-0.936497924362644,0.478690903516356,0.281711258905561,-0.290347398060921,5.54162445379031,-0.829778185398072,1.5669519893491592
31,6.09657938691257,2.95324839790532,0.204232457373445,0.464299951630082,3.28566623409277,-80718.1864355467,0.167771112551208,2.87693315124544,19.343564072836422,0.775104993371503,4.57038726665981,2.641863514133991,0.292562748138165,4.21645475425217,-0.0159036430215443,-0.475539441390469,6.24302935357788,-0.337291327957528,-0.771320383586711,6.0952912104838,-13.227028131523438,-0.42170017044606817,2.87368112183244,0.852708307581305,-0.936497924362644,0.478690903516356,0.281711258905561,-0.290347398060921,5.54162445379031,-0.918981253930606,1.9245488645374842
32,6.61677303885804,2.95324839790532,0.204232457373445,0.464299951630082,3.28566623409277,-99890.18474448466,0.167771112551208,2.87693315124544,23.154249201465404,0.775104993371503,4.57038726665981,3.3490073320322846,0.292562748138165,4.21645475425217,-0.0159036430215443,-0.475539441390469,6.24302935357788,-0.337291327957528,-0.771320383586711,6.0952912104838,-15.98067495980471,-0.7316882757175635,2.87368112183244,0.852708307581305,-0.936497924362644,0.478690903516356,0.281711258905561,-0.290347398060921,5.54162445379031,-1.018218020925029,2.3652363870294213
33,7.12443720293018,2.95324839790532,0.204232457373445,0.464299951630082,3.28566623409277,-121247.80243387158,0.167771112551208,2.87693315124544,27.201401135222078,0.775104993371503,4.57038726665981,4.108971815488565,0.292562748138165,4.21645475425217,-0.0159036430215443,-0.475539441390469,6.24302935357788,-0.337291327957528,-0.771320383586711,6.0952912104838,-18.910683892886954,-1.0648311871558775,2.87368112183244,0.852708307581305,-0.936497924362644,0.478690903516356,0.281711258905561,-0.290347398060921,5.54162445379031,-1.1150645513911996,2.8388414118058383
34,7.55381361770777,2.95324839790532,0.204232457373445,0.464299951630082,3.28566623409277,-141476.93706092518,0.167771112551208,2.87693315124544,30.87753603591688,0.775104993371503,4.57038726665981,4.805601659244995,0.292562748138165,4.21645475425217,-0.0159036430215443,-0.475539441390469,6.24302935357788,-0.337291327957528,-0.771320383586711,6.0952912104838,-21.575976932788322,-1.3702103192021002,2.87368112183244,0.852708307581305,-0.936497924362644,0.478690903516356,0.281711258905561,-0.290347398060921,5.54162445379031,-1.1969762146089797,3.2729766925912798
35,8.01512589780396,2.95324839790532,0.204232457373445,0.464299951630082,3.28566623409277,-165543.07332733745,0.167771112551208,2.87693315124544,35.085566912327224,0.775104993371503,4.57038726665981,5.609049295992429,0.292562748138165,4.21645475425217,-0.0159036430215443,-0.475539441390469,6.24302935357788,-0.337291327957528,-0.771320383586711,6.0952912104838,-24.630606089870614,-1.722414784964705,2.87368112183244,0.852708307581305,-0.936497924362644,0.478690903516356,0.281711258905561,-0.290347398060921,5.54162445379031,-1.2849802474924308,3.773680141491614
36,8.56684759863253,2.95324839790532,0.204232457373445,0.464299951630082,3.28566623409277,-197668.7065972865,0.167771112551208,2.87693315124544,40.469894890936196,0.775104993371503,4.57038726665981,6.644779511508213,0.292562748138165,4.21645475425217,-0.0159036430215443,-0.475539441390469,6.24302935357788,-0.337291327957528,-0.771320383586711,6.0952912104838,-28.54383573988738,-2.176444133668354,2.87368112183244,0.852708307581305,-0.936497924362644,0.478690903516356,0.281711258905561,-0.290347398060921,5.54162445379031,-1.3902315854626812,4.419140613736505
37,9.24925716257965,2.95324839790532,0.204232457373445,0.464299951630082,3.28566623409277,-242742.77807151186,0.167771112551208,2.87693315124544,47.65941391260689,0.775104993371503,4.57038726665981,8.038587181271026,0.292562748138165,4.21645475425217,-0.0159036430215443,-0.475539441390469,6.24302935357788,-0.337291327957528,-0.771320383586711,6.0952912104838,-33.77569387815207,-2.787442614779012,2.87368112183244,0.852708307581305,-0.936497924362644,0.478690903516356,0.281711258905561,-0.290347398060921,5.54162445379031,-1.5204141023752193,5.287752674354664
38,10.0235428019205,2.95324839790532,0.204232457373445,0.464299951630082,3.28566623409277,-301513.7057723404,0.167771112551208,2.87693315124544,56.52641683693093,0.775104993371503,4.57038726665981,9.771039058858271,0.292562748138165,4.21645475425217,-0.0159036430215443,-0.475539441390469,6.24302935357788,-0.337291327957528,-0.771320383586711,6.0952912104838,-40.23651628781145,-3.546891345595112,2.87368112183244,0.852708307581305,-0.936497924362644,0.478690903516356,0.281711258905561,-0.290347398060921,5.54162445379031,-1.668123716460342,6.367405647973996
39,10.9103514853619,2.95324839790532,0.204232457373445,0.464299951630082,3.28566623409277,-379517.357272432,0.167771112551208,2.87693315124544,67.60867950823265,0.775104993371503,4.57038726665981,11.952456418527944,0.292562748138165,4.21645475425217,-0.0159036430215443,-0.475539441390469,6.24302935357788,-0.337291327957528,-0.771320383586711,6.0952912104838,-48.32136894967734,-4.503151468380489,2.87368112183244,0.852708307581305,-0.936497924362644,0.478690903516356,0.281711258905561,-0.290347398060921,5.54162445379031,-1.8372992270767814,7.726851049916239
40,11.9722640185916,2.95324839790532,0.204232457373445,0.464299951630082,3.28566623409277,-489132.9641762803,0.167771112551208,2.87693315124544,82.1809533765585,0.775104993371503,4.57038726665981,14.841625287664186,0.292562748138165,4.21645475425217,-0.0159036430215443,-0.475539441390469,6.24302935357788,-0.337291327957528,-0.771320383586711,6.0952912104838,-58.965051312204146,-5.769666088015801,2.87368112183244,0.852708307581305,-0.936497924362644,0.478690903516356,0.281711258905561,-0.290347398060921,5.54162445379031,-2.039879105232657,9.527362683864489
41,13.3816373566284,2.95324839790532,0.204232457373445,0.464299951630082,3.28566623409277,-664367.8190326458,0.167771112551208,2.87693315124544,103.71233757620263,0.775104993371503,4.57038726665981,19.14239504592402,0.292562748138165,4.21645475425217,-0.0159036430215443,-0.475539441390469,6.24302935357788,-0.337291327957528,-0.771320383586711,6.0952912104838,-74.71126856551791,-7.654979138668315,2.87368112183244,0.852708307581305,-0.936497924362644,0.478690903516356,0.281711258905561,-0.290347398060921,5.54162445379031,-2.308743696393741,12.207574999385768
42,15.1353993961831,2.95324839790532,0.204232457373445,0.464299951630082,3.28566623409277,-934759.5448001954,0.167771112551208,2.87693315124544,133.99472518648966,0.775104993371503,4.57038726665981,25.236699482403893,0.292562748138165,4.21645475425217,-0.0159036430215443,-0.475539441390469,6.24302935357788,-0.337291327957528,-0.771320383586711,6.0952912104838,-96.88520080302443,-10.326517568894346,2.87368112183244,0.852708307581305,-0.936497924362644,0.478690903516356,0.281711258905561,-0.290347398060921,5.54162445379031,-2.6433069388171564,16.005506700755998
43,16.5552280172836,2.95324839790532,0.204232457373445,0.464299951630082,3.28566623409277,-1200538.6386284858,0.167771112551208,2.87693315124544,161.3456016622323,0.775104993371503,4.57038726665981,30.773790876009258,0.292562748138165,4.21645475425217,-0.0159036430215443,-0.475539441390469,6.24302935357788,-0.337291327957528,-0.771320383586711,6.0952912104838,-116.93267407822884,-12.753792511239514,2.87368112183244,0.852708307581305,-0.936497924362644,0.478690903516356,0.281711258905561,-0.290347398060921,5.54162445379031,-2.9141660727516343,19.45618678350305
44,17.9750566383842,2.95324839790532,0.204232457373445,0.464299951630082,3.28566623409277,-1512169.1660257285,0.167771112551208,2.87693315124544,191.23277051511275,0.775104993371503,4.57038726665981,36.85061382612141,0.292562748138165,4.21645475425217,-0.0159036430215443,-0.475539441390469,6.24302935357788,-0.337291327957528,-0.771320383586711,6.0952912104838,-138.85530935784004,-15.417667644835772,2.87368112183244,0.852708307581305,-0.936497924362644,0.478690903516356,0.281711258905561,-0.290347398060921,5.54162445379031,-3.185025206686131,23.243224133933776
45,19.166242909097,2.95324839790532,0.204232457373445,0.464299951630082,3.28566623409277,-1811634.0499581664,0.167771112551208,2.87693315124544,218.26358383273885,0.775104993371503,4.57038726665981,42.36521068519697,0.292562748138165,4.21645475425217,-0.0159036430215443,-0.475539441390469,6.24302935357788,-0.337291327957528,-0.771320383586711,6.0952912104838,-158.6941543299294,-17.83508173856517,2.87368112183244,0.852708307581305,-0.936497924362644,0.478690903516356,0.281711258905561,-0.290347398060921,5.54162445379031,-3.412266492602618,26.67988576606206
46,20.3574291798098,2.95324839790532,0.204232457373445,0.464299951630082,3.28566623409277,-2148066.1788417185,0.167771112551208,2.87693315124544,247.07959691891858,0.775104993371503,4.57038726665981,48.259704065053135,0.292562748138165,4.21645475425217,-0.0159036430215443,-0.475539441390469,6.24302935357788,-0.337291327957528,-0.771320383586711,6.0952912104838,-179.8528545389158,-20.419029710828678,2.87368112183244,0.852708307581305,-0.936497924362644,0.478690903516356,0.281711258905561,-0.290347398060921,5.54162445379031,-3.6395077785191052,30.353296489830118
47,21.8363161447811,2.95324839790532,0.204232457373445,0.464299951630082,3.28566623409277,-2620412.9058798184,0.167771112551208,2.87693315124544,285.33940683719345,0.775104993371503,4.57038726665981,56.10647060775571,0.292562748138165,4.21645475425217,-0.0159036430215443,-0.475539441390469,6.24302935357788,-0.337291327957528,-0.771320383586711,6.0952912104838,-207.95841731927737,-23.858788684200604,2.87368112183244,0.852708307581305,-0.936497924362644,0.478690903516356,0.281711258905561,-0.290347398060921,5.54162445379031,-3.9216334073211474,35.243351411831256
48,23.1630563718609,2.95324839790532,0.204232457373445,0.464299951630082,3.28566623409277,-3098830.905722074,0.167771112551208,2.87693315124544,322.0046806719012,0.775104993371503,4.57038726665981,63.6442689984374,0.292562748138165,4.21645475425217,-0.0159036430215443,-0.475539441390469,6.24302935357788,-0.337291327957528,-0.771320383586711,6.0952912104838,-234.90372388480463,-27.16310639426792,2.87368112183244,0.852708307581305,-0.936497924362644,0.478690903516356,0.281711258905561,-0.290347398060921,5.54162445379031,-4.17473417140092,39.94085934975824
49,24.2387877756823,2.95324839790532,0.204232457373445,0.464299951630082,3.28566623409277,-3526808.7440507724,0.167771112551208,2.87693315124544,353.35894466127286,0.775104993371503,4.57038726665981,70.10194488784528,0.292562748138165,4.21645475425217,-0.0159036430215443,-0.475539441390469,6.24302935357788,-0.337291327957528,-0.771320383586711,6.0952912104838,-257.95317526497155,-29.993934668160687,2.87368112183244,0.852708307581305,-0.936497924362644,0.478690903516356,0.281711258905561,-0.290347398060921,5.54162445379031,-4.379950260198556,43.96524182575463
50,25.2928064962324,2.95324839790532,0.204232457373445,0.464299951630082,3.28566623409277,-3982593.550445245,0.167771112551208,2.87693315124544,385.4924799067486,0.775104993371503,4.57038726665981,76.7297841785261,0.292562748138165,4.21645475425217,-0.0159036430215443,-0.475539441390469,6.24302935357788,-0.337291327957528,-0.771320383586711,6.0952912104838,-281.58142620441197,-32.89935686342001,2.87368112183244,0.852708307581305,-0.936497924362644,0.478690903516356,0.281711258905561,-0.290347398060921,5.54162445379031,-4.581024244450011,48.09566904940738
51,26.5433818697605,2.95324839790532,0.204232457373445,0.464299951630082,3.28566623409277,-4572223.55773866,0.167771112551208,2.87693315124544,425.4313922588313,0.775104993371503,4.57038726665981,84.97941936596484,0.292562748138165,4.21645475425217,-0.0159036430215443,-0.475539441390469,6.24302935357788,-0.337291327957528,-0.771320383586711,6.0952912104838,-310.95636717720225,-36.51571992310953,2.87368112183244,0.852708307581305,-0.936497924362644,0.478690903516356,0.281711258905561,-0.290347398060921,5.54162445379031,-4.819595123751668,53.2367891443547
52,27.9053977905676,2.95324839790532,0.204232457373445,0.464299951630082,3.28566623409277,-5277463.793653182,0.167771112551208,2.87693315124544,471.16778702289577,0.775104993371503,4.57038726665981,94.44054504526677,0.292562748138165,4.21645475425217,-0.0159036430215443,-0.475539441390469,6.24302935357788,-0.337291327957528,-0.771320383586711,6.0952912104838,-344.60392267885845,-40.66315973496986,2.87368112183244,0.852708307581305,-0.936497924362644,0.478690903516356,0.281711258905561,-0.290347398060921,5.54162445379031,-5.079425392864597,59.13290239609507
53,29.1301924751998,2.95324839790532,0.204232457373445,0.464299951630082,3.28566623409277,-5970373.351618484,0.167771112551208,2.87693315124544,514.2893857764203,0.775104993371503,4.57038726665981,103.37261006797038,0.292562748138165,4.21645475425217,-0.0159036430215443,-0.475539441390469,6.24302935357788,-0.337291327957528,-0.771320383586711,6.0952912104838,-376.3350830898933,-44.57867711979117,2.87368112183244,0.852708307581305,-0.936497924362644,0.478690903516356,0.281711258905561,-0.290347398060921,5.54162445379031,-5.313078118691391,64.69930841699629
54,30.212707620323,2.95324839790532,0.204232457373445,0.464299951630082,3.28566623409277,-6631017.914152804,0.167771112551208,2.87693315124544,553.972940801069,0.775104993371503,4.57038726665981,111.60143372016984,0.292562748138165,4.21645475425217,-0.0159036430215443,-0.475539441390469,6.24302935357788,-0.337291327957528,-0.771320383586711,6.0952912104838,-405.5418146164732,-48.18591710124209,2.87368112183244,0.852708307581305,-0.936497924362644,0.478690903516356,0.281711258905561,-0.290347398060921,5.54162445379031,-5.519588334305837,69.82745889576124
55,31.3284425586698,2.95324839790532,0.204232457373445,0.464299951630082,3.28566623409277,-7361067.0108474195,0.167771112551208,2.87693315124544,596.41718119724,0.775104993371503,4.57038726665981,120.41111289828743,0.292562748138165,4.21645475425217,-0.0159036430215443,-0.475539441390469,6.24302935357788,-0.337291327957528,-0.771320383586711,6.0952912104838,-436.78554022563776,-52.04778464127223,2.87368112183244,0.852708307581305,-0.936497924362644,0.478690903516356,0.281711258905561,-0.290347398060921,5.54162445379031,-5.732435853090754,75.31759483796898
56,32.5847815574951,2.95324839790532,0.204232457373445,0.464299951630082,3.28566623409277,-8244987.31323166,0.167771112551208,2.87693315124544,646.0849154308438,0.775104993371503,4.57038726665981,130.72992424556858,0.292562748138165,4.21645475425217,-0.0159036430215443,-0.475539441390469,6.24302935357788,-0.337291327957528,-0.771320383586711,6.0952912104838,-473.3526041690542,-56.57120505058103,2.87368112183244,0.852708307581305,-0.936497924362644,0.478690903516356,0.281711258905561,-0.290347398060921,5.54162445379031,-5.972106252808555,81.74821233415281
57,33.8717603826026,2.95324839790532,0.204232457373445,0.464299951630082,3.28566623409277,-9220949.400259564,0.167771112551208,2.87693315124544,699.0230178712691,0.775104993371503,4.57038726665981,141.7385680661127,0.292562748138165,4.21645475425217,-0.0159036430215443,-0.475539441390469,6.24302935357788,-0.337291327957528,-0.771320383586711,6.0952912104838,-512.3338030026848,-61.39702485295398,2.87368112183244,0.852708307581305,-0.936497924362644,0.478690903516356,0.281711258905561,-0.290347398060921,5.54162445379031,-6.217621778260098,88.6087290331328
58,35.0470928638463,2.95324839790532,0.204232457373445,0.464299951630082,3.28566623409277,-10176838.448618162,0.167771112551208,2.87693315124544,749.1892455786494,0.775104993371503,4.57038726665981,152.17962195291585,0.292562748138165,4.21645475425217,-0.0159036430215443,-0.475539441390469,6.24302935357788,-0.337291327957528,-0.771320383586711,6.0952912104838,-549.2793409574984,-65.97403228692576,2.87368112183244,0.852708307581305,-0.936497924362644,0.478690903516356,0.281711258905561,-0.290347398060921,5.54162445379031,-6.4418386543137585,95.1155273012071
59,36.1509335462004,2.95324839790532,0.204232457373445,0.464299951630082,3.28566623409277,-11132629.86624614,0.167771112551208,2.87693315124544,797.8866550858406,0.775104993371503,4.57038726665981,162.32236956918814,0.292562748138165,4.21645475425217,-0.0159036430215443,-0.475539441390469,6.24302935357788,-0.337291327957528,-0.771320383586711,6.0952912104838,-585.1476911518969,-70.4202722684332,2.87368112183244,0.852708307581305,-0.936497924362644,0.478690903516356,0.281711258905561,-0.290347398060921,5.54162445379031,-6.652417119052926,101.43642300183083
60,37.3090549206236,2.95324839790532,0.204232457373445,0.464299951630082,3.28566623409277,-12197763.839821601,0.167771112551208,2.87693315124544,850.6266527859774,0.775104993371503,4.57038726665981,173.31456412914915,0.292562748138165,4.21645475425217,-0.0159036430215443,-0.475539441390469,6.24302935357788,-0.337291327957528,-0.771320383586711,6.0952912104838,-623.9982075641768,-75.23888126730026,2.87368112183244,0.852708307581305,-0.936497924362644,0.478690903516356,0.281711258905561,-0.290347398060921,5.54162445379031,-6.873350651315531,108.28668862640455
61,38.5527558505619,2.95324839790532,0.204232457373445,0.464299951630082,3.28566623409277,-13414905.857156252,0.167771112551208,2.87693315124544,909.1429997280802,0.775104993371503,4.57038726665981,185.5189114465573,0.292562748138165,4.21645475425217,-0.0159036430215443,-0.475539441390469,6.24302935357788,-0.337291327957528,-0.771320383586711,6.0952912104838,-667.1088815885121,-80.5888573333326,2.87368112183244,0.852708307581305,-0.936497924362644,0.478690903516356,0.281711258905561,-0.290347398060921,5.54162445379031,-7.110610100625326,115.89236012746437
62,39.7861527603279,2.95324839790532,0.204232457373445,0.464299951630082,3.28566623409277,-14699280.06027679,0.167771112551208,2.87693315124544,969.0964969051249,0.775104993371503,4.57038726665981,198.03114490693585,0.292562748138165,4.21645475425217,-0.0159036430215443,-0.475539441390469,6.24302935357788,-0.337291327957528,-0.771320383586711,6.0952912104838,-711.2833487662828,-86.07380034623353,2.87368112183244,0.852708307581305,-0.936497924362644,0.478690903516356,0.281711258905561,-0.290347398060921,5.54162445379031,-7.3459038634160345,123.68990431145093
63,40.9403981986762,2.95324839790532,0.204232457373445,0.464299951630082,3.28566623409277,-15973086.327925941,0.167771112551208,2.87693315124544,1026.9362286007474,0.775104993371503,4.57038726665981,210.10935331017944,0.292562748138165,4.21645475425217,-0.0159036430215443,-0.475539441390469,6.24302935357788,-0.337291327957528,-0.771320383586711,6.0952912104838,-753.9047362221568,-91.36848134779213,2.87368112183244,0.852708307581305,-0.936497924362644,0.478690903516356,0.281711258905561,-0.290347398060921,5.54162445379031,-7.56609798764528,131.21696684476464
64,42.0714516899444,2.95324839790532,0.204232457373445,0.464299951630082,3.28566623409277,-17290612.06383811,0.167771112551208,2.87693315124544,1085.2398134860512,0.775104993371503,4.57038726665981,222.29089821327474,0.292562748138165,4.21645475425217,-0.0159036430215443,-0.475539441390469,6.24302935357788,-0.337291327957528,-0.771320383586711,6.0952912104838,-796.8719057647523,-96.70846160104983,2.87368112183244,0.852708307581305,-0.936497924362644,0.478690903516356,0.281711258905561,-0.290347398060921,5.54162445379031,-7.781867809809464,138.80842802648624
65,43.2501295676111,2.95324839790532,0.204232457373445,0.464299951630082,3.28566623409277,-18738609.782488983,0.167771112551208,2.87693315124544,1147.7109345436293,0.775104993371503,4.57038726665981,235.34980739708547,0.292562748138165,4.21645475425217,-0.0159036430215443,-0.475539441390469,6.24302935357788,-0.337291327957528,-0.771320383586711,6.0952912104838,-842.9144348381459,-102.43304889481051,2.87368112183244,0.852708307581305,-0.936497924362644,0.478690903516356,0.281711258905561,-0.290347398060921,5.54162445379031,-8.00672288343453,146.94665703874696
66,44.4753074678209,2.95324839790532,0.204232457373445,0.464299951630082,3.28566623409277,-20327062.31718462,0.167771112551208,2.87693315124544,1214.499303578472,0.775104993371503,4.57038726665981,249.3181643573403,0.292562748138165,4.21645475425217,-0.0159036430215443,-0.475539441390469,6.24302935357788,-0.337291327957528,-0.771320383586711,6.0952912104838,-892.143147878527,-108.55630755630114,2.87368112183244,0.852708307581305,-0.936497924362644,0.478690903516356,0.281711258905561,-0.290347398060921,5.54162445379031,-8.240448714872745,155.65164811169865
67,45.6738136973791,2.95324839790532,0.204232457373445,0.464299951630082,3.28566623409277,-21965332.75459799,0.167771112551208,2.87693315124544,1281.661031001121,0.775104993371503,4.57038726665981,263.3712944517154,0.292562748138165,4.21645475425217,-0.0159036430215443,-0.475539441390469,6.24302935357788,-0.337291327957528,-0.771320383586711,6.0952912104838,-941.6511635109354,-114.7167279132754,2.87368112183244,0.852708307581305,-0.936497924362644,0.478690903516356,0.281711258905561,-0.290347398060921,5.54162445379031,-8.469086421233106,164.40946926179143
68,46.8273204925209,2.95324839790532,0.204232457373445,0.464299951630082,3.28566623409277,-23622968.781309463,0.167771112551208,2.87693315124544,1348.0077869251543,0.775104993371503,4.57038726665981,277.25997361565675,0.292562748138165,4.21645475425217,-0.0159036430215443,-0.475539441390469,6.24302935357788,-0.337291327957528,-0.771320383586711,6.0952912104838,-990.5621563007533,-120.80505850428548,2.87368112183244,0.852708307581305,-0.936497924362644,0.478690903516356,0.281711258905561,-0.290347398060921,5.54162445379031,-8.689139635315714,173.06480563966372
69,47.9766178745531,2.95324839790532,0.204232457373445,0.464299951630082,3.28566623409277,-25355408.030289162,0.167771112551208,2.87693315124544,1415.7773233618598,0.775104993371503,4.57038726665981,291.45226507429345,0.292562748138165,4.21645475425217,-0.0159036430215443,-0.475539441390469,6.24302935357788,-0.337291327957528,-0.771320383586711,6.0952912104838,-1040.525571768263,-127.02648253058777,2.87368112183244,0.852708307581305,-0.936497924362644,0.478690903516356,0.281711258905561,-0.290347398060921,5.54162445379031,-8.908389824320299,181.90935126544412
70,49.1652747663285,2.95324839790532,0.204232457373445,0.464299951630082,3.28566623409277,-27234124.02099367,0.167771112551208,2.87693315124544,1487.6159304263247,0.775104993371503,4.57038726665981,306.5026159234723,0.292562748138165,4.21645475425217,-0.0159036430215443,-0.475539441390469,6.24302935357788,-0.337291327957528,-0.771320383586711,6.0952912104838,-1093.4925603431964,-133.6240509817613,2.87368112183244,0.852708307581305,-0.936497924362644,0.478690903516356,0.281711258905561,-0.290347398060921,5.54162445379031,-9.135148583417566,191.28863403718844
71,50.3703240554364,2.95324839790532,0.204232457373445,0.464299951630082,3.28566623409277,-29231154.598646943,0.167771112551208,2.87693315124544,1562.2598088328396,0.775104993371503,4.57038726665981,322.1466675436673,0.292562748138165,4.21645475425217,-0.0159036430215443,-0.475539441390469,6.24302935357788,-0.337291327957528,-0.771320383586711,6.0952912104838,-1148.5315678899553,-140.481877915647,2.87368112183244,0.852708307581305,-0.936497924362644,0.478690903516356,0.281711258905561,-0.290347398060921,5.54162445379031,-9.365034502003384,201.03790734729068
72,51.553187645414,2.95324839790532,0.204232457373445,0.464299951630082,3.28566623409277,-31284036.971248012,0.167771112551208,2.87693315124544,1637.3062968512647,0.775104993371503,4.57038726665981,337.88082206964464,0.292562748138165,4.21645475425217,-0.0159036430215443,-0.475539441390469,6.24302935357788,-0.337291327957528,-0.771320383586711,6.0952912104838,-1203.870954941824,-147.3792029379497,2.87368112183244,0.852708307581305,-0.936497924362644,0.478690903516356,0.281711258905561,-0.290347398060921,5.54162445379031,-9.59068807933135,210.8433322142806
73,52.7085401933832,2.95324839790532,0.204232457373445,0.464299951630082,3.28566623409277,-33379776.26952935,0.167771112551208,2.87693315124544,1712.3067576569708,0.775104993371503,4.57038726665981,353.6106705233709,0.292562748138165,4.21645475425217,-0.0159036430215443,-0.475539441390469,6.24302935357788,-0.337291327957528,-0.771320383586711,6.0952912104838,-1259.1796822173762,-154.274640322767,2.87368112183244,0.852708307581305,-0.936497924362644,0.478690903516356,0.281711258905561,-0.290347398060921,5.54162445379031,-9.811093405637122,220.6460735644753
74,53.873194964699,2.95324839790532,0.204232457373445,0.464299951630082,3.28566623409277,-35585009.03924611,0.167771112551208,2.87693315124544,1789.6108243513909,0.775104993371503,4.57038726665981,369.82887819732906,0.292562748138165,4.21645475425217,-0.0159036430215443,-0.475539441390469,6.24302935357788,-0.337291327957528,-0.771320383586711,6.0952912104838,-1316.1903995839302,-161.3841579915942,2.87368112183244,0.852708307581305,-0.936497924362644,0.478690903516356,0.281711258905561,-0.290347398060921,5.54162445379031,-10.033273306790788,230.75315726965187
75,55.0605142690836,2.95324839790532,0.204232457373445,0.464299951630082,3.28566623409277,-37930947.83999674,0.167771112551208,2.87693315124544,1870.1759511962407,0.775104993371503,4.57038726665981,386.7365286937863,0.292562748138165,4.21645475425217,-0.0159036430215443,-0.475539441390469,6.24302935357788,-0.337291327957528,-0.771320383586711,6.0952912104838,-1375.6093469286025,-168.79590424367447,2.87368112183244,0.852708307581305,-0.936497924362644,0.478690903516356,0.281711258905561,-0.290347398060921,5.54162445379031,-10.259776895822563,241.28989734975096
76,56.2537466073082,2.95324839790532,0.204232457373445,0.464299951630082,3.28566623409277,-40390169.04552333,0.167771112551208,2.87693315124544,1952.929204184013,0.775104993371503,4.57038726665981,404.1086401022924,0.292562748138165,4.21645475425217,-0.0159036430215443,-0.475539441390469,6.24302935357788,-0.337291327957528,-0.771320383586711,6.0952912104838,-1436.6453216133123,-176.41125456391532,2.87368112183244,0.852708307581305,-0.936497924362644,0.478690903516356,0.281711258905561,-0.290347398060921,5.54162445379031,-10.487408507772757,252.11608651141518
77,57.4266517781206,2.95324839790532,0.204232457373445,0.464299951630082,3.28566623409277,-42908842.80090733,0.167771112551208,2.87693315124544,2036.0185475399048,0.775104993371503,4.57038726665981,421.55632810557256,0.292562748138165,4.21645475425217,-0.0159036430215443,-0.475539441390469,6.24302935357788,-0.337291327957528,-0.771320383586711,6.0952912104838,-1497.9322683634518,-184.05973512559206,2.87368112183244,0.852708307581305,-0.936497924362644,0.478690903516356,0.281711258905561,-0.290347398060921,5.54162445379031,-10.71116232850309,262.98937452548586
78,58.5892699872363,2.95324839790532,0.204232457373445,0.464299951630082,3.28566623409277,-45506607.63186444,0.167771112551208,2.87693315124544,2120.087277720398,0.775104993371503,4.57038726665981,439.21448525369897,0.292562748138165,4.21645475425217,-0.0159036430215443,-0.475539441390469,6.24302935357788,-0.337291327957528,-0.771320383586711,6.0952912104838,-1559.9445670600737,-191.8004782932305,2.87368112183244,0.852708307581305,-0.936497924362644,0.478690903516356,0.281711258905561,-0.290347398060921,5.54162445379031,-10.932953716940837,273.9938255698422
79,59.7598941203646,2.95324839790532,0.204232457373445,0.464299951630082,3.28566623409277,-48226061.61504335,0.167771112551208,2.87693315124544,2206.453119194843,0.775104993371503,4.57038726665981,457.3598781725431,0.292562748138165,4.21645475425217,-0.0159036430215443,-0.475539441390469,6.24302935357788,-0.337291327957528,-0.771320383586711,6.0952912104838,-1623.6542129598402,-199.75480926233507,2.87368112183244,0.852708307581305,-0.936497924362644,0.478690903516356,0.281711258905561,-0.290347398060921,5.54162445379031,-11.156272386637866,285.3019188426001
80,60.9460784515269,2.95324839790532,0.204232457373445,0.464299951630082,3.28566623409277,-51089983.62990363,0.167771112551208,2.87693315124544,2295.7255825917364,0.775104993371503,4.57038726665981,476.1207056375538,0.292562748138165,4.21645475425217,-0.0159036430215443,-0.475539441390469,6.24302935357788,-0.337291327957528,-0.771320383586711,6.0952912104838,-1689.5109114838879,-207.97892607140048,2.87368112183244,0.852708307581305,-0.936497924362644,0.478690903516356,0.281711258905561,-0.290347398060921,5.54162445379031,-11.382559458084728,296.99354700393576
81,62.1289201165292,2.95324839790532,0.204232457373445,0.464299951630082,3.28566623409277,-54056504.82365591,0.167771112551208,2.87693315124544,2386.5092392101474,0.775104993371503,4.57038726665981,495.2037869963819,0.292562748138165,4.21645475425217,-0.0159036430215443,-0.475539441390469,6.24302935357788,-0.337291327957528,-0.771320383586711,6.0952912104838,-1756.48529286553,-216.34430816686503,2.87368112183244,0.852708307581305,-0.936497924362644,0.478690903516356,0.281711258905561,-0.290347398060921,5.54162445379031,-11.608208852809433,308.8860017389971
82,63.3004497754189,2.95324839790532,0.204232457373445,0.464299951630082,3.28566623409277,-57105651.45503927,0.167771112551208,2.87693315124544,2478.1597988303874,0.775104993371503,4.57038726665981,514.4736050684674,0.292562748138165,4.21645475425217,-0.0159036430215443,-0.475539441390469,6.24302935357788,-0.337291327957528,-0.771320383586711,6.0952912104838,-1824.1019888586284,-224.79154936717103,2.87368112183244,0.852708307581305,-0.936497924362644,0.478690903516356,0.281711258905561,-0.290347398060921,5.54162445379031,-11.831700268653314,320.894829604164
83,64.4665746819876,2.95324839790532,0.204232457373445,0.464299951630082,3.28566623409277,-60252456.68332422,0.167771112551208,2.87693315124544,2571.102373515128,0.775104993371503,4.57038726665981,534.0194465874052,0.292562748138165,4.21645475425217,-0.0159036430215443,-0.475539441390469,6.24302935357788,-0.337291327957528,-0.771320383586711,6.0952912104838,-1892.6745748626063,-233.35978997825399,2.87368112183244,0.852708307581305,-0.936497924362644,0.478690903516356,0.281711258905561,-0.290347398060921,5.54162445379031,-12.05416062588136,333.0756735230166
84,65.6421211276685,2.95324839790532,0.204232457373445,0.464299951630082,3.28566623409277,-63539550.08981243,0.167771112551208,2.87693315124544,2666.5275267214383,0.775104993371503,4.57038726665981,554.0917095009216,0.292562748138165,4.21645475425217,-0.0159036430215443,-0.475539441390469,6.24302935357788,-0.337291327957528,-0.771320383586711,6.0952912104838,-1963.0814565302658,-242.1587960525277,2.87368112183244,0.852708307581305,-0.936497924362644,0.478690903516356,0.281711258905561,-0.290347398060921,5.54162445379031,-12.278418319693793,345.58457990143086
85,66.8236983019682,2.95324839790532,0.204232457373445,0.464299951630082,3.28566623409277,-66961794.09020053,0.167771112551208,2.87693315124544,2764.1942567388346,0.775104993371503,4.57038726665981,574.639784327566,0.292562748138165,4.21645475425217,-0.0159036430215443,-0.475539441390469,6.24302935357788,-0.337291327957528,-0.771320383586711,6.0952912104838,-2035.1448689094952,-251.1663820926908,2.87368112183244,0.852708307581305,-0.936497924362644,0.478690903516356,0.281711258905561,-0.290347398060921,5.54162445379031,-12.503826488927274,358.3900092329718
86,68.0023788051975,2.95324839790532,0.204232457373445,0.464299951630082,3.28566623409277,-70495879.79708107,0.167771112551208,2.87693315124544,2863.37161409912,0.775104993371503,4.57038726665981,595.5099036475525,0.292562748138165,4.21645475425217,-0.0159036430215443,-0.475539441390469,6.24302935357788,-0.337291327957528,-0.771320383586711,6.0952912104838,-2108.3254911477065,-260.315141625116,2.87368112183244,0.852708307581305,-0.936497924362644,0.478690903516356,0.281711258905561,-0.290347398060921,5.54162445379031,-12.728682063428012,371.39613464119617
87,69.1725134422211,2.95324839790532,0.204232457373445,0.464299951630082,3.28566623409277,-74125172.16412887,0.167771112551208,2.87693315124544,2963.55884805361,0.775104993371503,4.57038726665981,616.5966330754858,0.292562748138165,4.21645475425217,-0.0159036430215443,-0.475539441390469,6.24302935357788,-0.337291327957528,-0.771320383586711,6.0952912104838,-2182.2537941401984,-269.55885575552486,2.87368112183244,0.852708307581305,-0.936497924362644,0.478690903516356,0.281711258905561,-0.290347398060921,5.54162445379031,-12.951907352495146,384.53725008878985
88,70.3431582280195,2.95324839790532,0.204232457373445,0.464299951630082,3.28566623409277,-77878552.57853787,0.167771112551208,2.87693315124544,3065.5135460662896,0.775104993371503,4.57038726665981,638.0593830265527,0.292562748138165,4.21645475425217,-0.0159036430215443,-0.475539441390469,6.24302935357788,-0.337291327957528,-0.771320383586711,6.0952912104838,-2257.4887773080077,-278.9674046572476,2.87368112183244,0.852708307581305,-0.936497924362644,0.478690903516356,0.281711258905561,-0.290347398060921,5.54162445379031,-13.175229962079182,397.9126991309814
89,71.519017361138,2.95324839790532,0.204232457373445,0.464299951630082,3.28566623409277,-81774052.86871077,0.167771112551208,2.87693315124544,3169.6580735768125,0.775104993371503,4.57038726665981,659.9870957628957,0.292562748138165,4.21645475425217,-0.0159036430215443,-0.475539441390469,6.24302935357788,-0.337291327957528,-0.771320383586711,6.0952912104838,-2334.3421327372416,-288.5797776315018,2.87368112183244,0.852708307581305,-0.936497924362644,0.478690903516356,0.281711258905561,-0.290347398060921,5.54162445379031,-13.399547306927857,411.5779100189363
90,72.6985304435502,2.95324839790532,0.204232457373445,0.464299951630082,3.28566623409277,-85809993.42117183,0.167771112551208,2.87693315124544,3275.8738986808285,0.775104993371503,4.57038726665981,682.3548586081442,0.292562748138165,4.21645475425217,-0.0159036430215443,-0.475539441390469,6.24302935357788,-0.337291327957528,-0.771320383586711,6.0952912104838,-2412.726417124177,-298.3850537974853,2.87368112183244,0.852708307581305,-0.936497924362644,0.478690903516356,0.281711258905561,-0.290347398060921,5.54162445379031,-13.62456171163744,425.5173573314451
91,73.8735791028123,2.95324839790532,0.204232457373445,0.464299951630082,3.28566623409277,-89960526.09643023,0.167771112551208,2.87693315124544,3383.428157353852,0.775104993371503,4.57038726665981,705.0083353110638,0.292562748138165,4.21645475425217,-0.0159036430215443,-0.475539441390469,6.24302935357788,-0.337291327957528,-0.771320383586711,6.0952912104838,-2492.1007950321446,-308.3155773249636,2.87368112183244,0.852708307581305,-0.936497924362644,0.478690903516356,0.281711258905561,-0.290347398060921,5.54162445379031,-13.848724443285935,439.6348596999294
92,75.0451767029381,2.95324839790532,0.204232457373445,0.464299951630082,3.28566623409277,-94229967.41592306,0.167771112551208,2.87693315124544,3492.3960465059436,0.775104993371503,4.57038726665981,727.9633258530221,0.292562748138165,4.21645475425217,-0.0159036430215443,-0.475539441390469,6.24302935357788,-0.337291327957528,-0.771320383586711,6.0952912104838,-2572.520737820699,-318.3782743952364,2.87368112183244,0.852708307581305,-0.936497924362644,0.478690903516356,0.281711258905561,-0.290347398060921,5.54162445379031,-14.072228820204197,453.9402635721248
93,76.2173001673699,2.95324839790532,0.204232457373445,0.464299951630082,3.28566623409277,-98634360.2558037,0.167771112551208,2.87693315124544,3603.140976577686,0.775104993371503,4.57038726665981,751.2963717710995,0.292562748138165,4.21645475425217,-0.0159036430215443,-0.475539441390469,6.24302935357788,-0.337291327957528,-0.771320383586711,6.0952912104838,-2654.2544393394164,-328.6066982480458,2.87368112183244,0.852708307581305,-0.936497924362644,0.478690903516356,0.281711258905561,-0.290347398060921,5.54162445379031,-14.295833515673854,468.48126914633593
94,77.3938914279052,2.95324839790532,0.204232457373445,0.464299951630082,3.28566623409277,-103191422.55616403,0.167771112551208,2.87693315124544,3716.046448919758,0.775104993371503,4.57038726665981,775.0882969967963,0.292562748138165,4.21645475425217,-0.0159036430215443,-0.475539441390469,6.24302935357788,-0.337291327957528,-0.771320383586711,6.0952912104838,-2737.584951575585,-339.03627938105313,2.87368112183244,0.852708307581305,-0.936497924362644,0.478690903516356,0.281711258905561,-0.290347398060921,5.54162445379031,-14.520290527659183,483.308245381789
95,78.5706269972414,2.95324839790532,0.204232457373445,0.464299951630082,3.28566623409277,-107887270.1372129,0.167771112551208,2.87693315124544,3830.707811000758,0.775104993371503,4.57038726665981,799.2538526795313,0.292562748138165,4.21645475425217,-0.0159036430215443,-0.475539441390469,6.24302935357788,-0.337291327957528,-0.771320383586711,6.0952912104838,-2822.2136315318553,-349.6296475606519,2.87368112183244,0.852708307581305,-0.936497924362644,0.478690903516356,0.281711258905561,-0.290347398060921,5.54162445379031,-14.744775069274672,498.36806573787527
96,79.7449864037095,2.95324839790532,0.204232457373445,0.464299951630082,3.28566623409277,-112713508.71772015,0.167771112551208,2.87693315124544,3946.8745147020068,0.775104993371503,4.57038726665981,823.7402241904739,0.292562748138165,4.21645475425217,-0.0159036430215443,-0.475539441390469,6.24302935357788,-0.337291327957528,-0.771320383586711,6.0952912104838,-2907.9555496904604,-360.36365062697394,2.87368112183244,0.852708307581305,-0.936497924362644,0.478690903516356,0.281711258905561,-0.290347398060921,5.54162445379031,-14.968806312930834,513.6278164743602
97,80.9168960297785,2.95324839790532,0.204232457373445,0.464299951630082,3.28566623409277,-117671020.05752692,0.167771112551208,2.87693315124544,4064.5285825375436,0.775104993371503,4.57038726665981,848.543600547377,0.292562748138165,4.21645475425217,-0.0159036430215443,-0.475539441390469,6.24302935357788,-0.337291327957528,-0.771320383586711,6.0952912104838,-2994.7974237383755,-371.2366179733674,2.87368112183244,0.852708307581305,-0.936497924362644,0.478690903516356,0.281711258905561,-0.290347398060921,5.54162445379031,-15.192370214692788,529.0851226113851
98,82.0907996835609,2.95324839790532,0.204232457373445,0.464299951630082,3.28566623409277,-122780567.31027587,0.167771112551208,2.87693315124544,4184.115142153514,0.775104993371503,4.57038726665981,873.7578198365354,0.292562748138165,4.21645475425217,-0.0159036430215443,-0.475539441390469,6.24302935357788,-0.337291327957528,-0.771320383586711,6.0952912104838,-3083.06780648155,-382.28968506596595,2.87368112183244,0.852708307581305,-0.936497924362644,0.478690903516356,0.281711258905561,-0.290347398060921,5.54162445379031,-15.416314514913735,544.7984634465384
99,83.2664504475524,2.95324839790532,0.204232457373445,0.464299951630082,3.28566623409277,-128043816.85898672,0.167771112551208,2.87693315124544,4305.617327371843,0.775104993371503,4.57038726665981,899.3793421404966,0.292562748138165,4.21645475425217,-0.0159036430215443,-0.475539441390469,6.24302935357788,-0.337291327957528,-0.771320383586711,6.0952912104838,-3172.754258458555,-393.52130012382196,2.87368112183244,0.852708307581305,-0.936497924362644,0.478690903516356,0.281711258905561,-0.290347398060921,5.54162445379031,-15.640592109414772,560.7656329258147
100,84.4422810239204,2.95324839790532,0.204232457373445,0.464299951630082,3.28566623409277,-133456169.79762043,0.167771112551208,2.87693315124544,4428.877433071171,0.775104993371503,4.57038726665981,925.3749199669971,0.292562748138165,4.21645475425217,-0.0159036430215443,-0.475539441390469,6.24302935357788,-0.337291327957528,-0.771320383586711,6.0952912104838,-3263.7403751996135,-404.9168885627122,2.87368112183244,0.852708307581305,-0.936497924362644,0.478690903516356,0.281711258905561,-0.290347398060921,5.54162445379031,-15.864904006523776,576.9659114238362
101,85.615695171138,2.95324839790532,0.204232457373445,0.464299951630082,3.28566623409277,-139007304.70183417,0.167771112551208,2.87693315124544,4553.6183406696655,0.775104993371503,4.57038726665981,951.6860995198901,0.292562748138165,4.21645475425217,-0.0159036430215443,-0.475539441390469,6.24302935357788,-0.337291327957528,-0.771320383586711,6.0952912104838,-3355.8215920749185,-416.45082620116926,2.87368112183244,0.852708307581305,-0.936497924362644,0.478690903516356,0.281711258905561,-0.290347398060921,5.54162445379031,-16.08875492411936,593.3628709072216
102,86.7888504159129,2.95324839790532,0.204232457373445,0.464299951630082,3.28566623409277,-144708963.54899475,0.167771112551208,2.87693315124544,4680.06348002131,0.775104993371503,4.57038726665981,978.3599969804139,0.292562748138165,4.21645475425217,-0.0159036430215443,-0.475539441390469,6.24302935357788,-0.337291327957528,-0.771320383586711,6.0952912104838,-3449.1628336568524,-428.14376719097953,2.87368112183244,0.852708307581305,-0.936497924362644,0.478690903516356,0.281711258905561,-0.290347398060921,5.54162445379031,-16.312556451182626,609.9858738799672
103,87.9628884681084,2.95324839790532,0.204232457373445,0.464299951630082,3.28566623409277,-150568864.99053767,0.167771112551208,2.87693315124544,4808.337288778993,0.775104993371503,4.57038726665981,1005.4228653197573,0.292562748138165,4.21645475425217,-0.0159036430215443,-0.475539441390469,6.24302935357788,-0.337291327957528,-0.771320383586711,6.0952912104838,-3543.8559608396013,-440.0072199531891,2.87368112183244,0.852708307581305,-0.936497924362644,0.478690903516356,0.281711258905561,-0.290347398060921,5.54162445379031,-16.536526390440024,626.8512810264748
104,89.1384453585029,2.95324839790532,0.204232457373445,0.464299951630082,3.28566623409277,-156592711.00222865,0.167771112551208,2.87693315124544,4938.514580968646,0.775104993371503,4.57038726665981,1032.8904983212644,0.292562748138165,4.21645475425217,-0.0159036430215443,-0.475539441390469,6.24302935357788,-0.337291327957528,-0.771320383586711,6.0952912104838,-3639.9562081208555,-452.0481079520921,2.87368112183244,0.852708307581305,-0.936497924362644,0.478690903516356,0.281711258905561,-0.290347398060921,5.54162445379031,-16.760786076778903,643.968934931911
105,90.3130352447601,2.95324839790532,0.204232457373445,0.464299951630082,3.28566623409277,-162769927.97212073,0.167771112551208,2.87693315124544,5070.3213059993095,0.775104993371503,4.57038726665981,1060.7050730420501,0.292562748138165,4.21645475425217,-0.0159036430215443,-0.475539441390469,6.24302935357788,-0.337291327957528,-0.771320383586711,6.0952912104838,-3737.261265612563,-464.24108355110786,2.87368112183244,0.852708307581305,-0.936497924362644,0.478690903516356,0.281711258905561,-0.290347398060921,5.54162445379031,-16.984861288809228,661.3028007066275
106,91.486798031753,2.95324839790532,0.204232457373445,0.464299951630082,3.28566623409277,-169102940.2465605,0.167771112551208,2.87693315124544,5203.769186181583,0.775104993371503,4.57038726665981,1088.8690561171302,0.292562748138165,4.21645475425217,-0.0159036430215443,-0.475539441390469,6.24302935357788,-0.337291327957528,-0.771320383586711,6.0952912104838,-3835.779782857695,-476.58722804020255,2.87368112183244,0.852708307581305,-0.936497924362644,0.478690903516356,0.281711258905561,-0.290347398060921,5.54162445379031,-17.208778716028714,678.8544155418531
107,92.6601200289154,2.95324839790532,0.204232457373445,0.464299951630082,3.28566623409277,-175595620.74871597,0.167771112551208,2.87693315124544,5338.899333106639,0.775104993371503,4.57038726665981,1117.3911191596803,0.292562748138165,4.21645475425217,-0.0159036430215443,-0.475539441390469,6.24302935357788,-0.337291327957528,-0.771320383586711,6.0952912104838,-3935.5421076533403,-489.090342763417,2.87368112183244,0.852708307581305,-0.936497924362644,0.478690903516356,0.281711258905561,-0.290347398060921,5.54162445379031,-17.432612054260304,696.6291835316764
108,93.8347422472196,2.95324839790532,0.204232457373445,0.464299951630082,3.28566623409277,-182259832.66962993,0.167771112551208,2.87693315124544,5475.914160986422,0.775104993371503,4.57038726665981,1146.3139892497936,0.292562748138165,4.21645475425217,-0.0159036430215443,-0.475539441390469,6.24302935357788,-0.337291327957528,-0.771320383586711,6.0952912104838,-4036.6976780519085,-501.7691578379727,2.87368112183244,0.852708307581305,-0.936497924362644,0.478690903516356,0.281711258905561,-0.290347398060921,5.54162445379031,-17.656693434239436,714.653731920221
109,95.0094863422507,2.95324839790532,0.204232457373445,0.464299951630082,3.28566623409277,-189091242.26787478,0.167771112551208,2.87693315124544,5614.679372197087,0.775104993371503,4.57038726665981,1175.6093224901535,0.292562748138165,4.21645475425217,-0.0159036430215443,-0.475539441390469,6.24302935357788,-0.337291327957528,-0.771320383586711,6.0952912104838,-4139.147347854677,-514.6112482510183,2.87368112183244,0.852708307581305,-0.936497924362644,0.478690903516356,0.281711258905561,-0.290347398060921,5.54162445379031,-17.880798064506813,732.9103969712424
110,96.1839928072522,2.95324839790532,0.204232457373445,0.464299951630082,3.28566623409277,-196089787.57635084,0.167771112551208,2.87693315124544,5755.152243845471,0.775104993371503,4.57038726665981,1205.2680990297463,0.292562748138165,4.21645475425217,-0.0159036430215443,-0.475539441390469,6.24302935357788,-0.337291327957528,-0.771320383586711,6.0952912104838,-4242.859574694649,-527.6126600027383,2.87368112183244,0.852708307581305,-0.936497924362644,0.478690903516356,0.281711258905561,-0.290347398060921,5.54162445379031,-18.10485736235656,751.3935575710497
111,97.3575095021748,2.95324839790532,0.204232457373445,0.464299951630082,3.28566623409277,-203252772.54389903,0.167771112551208,2.87693315124544,5897.240098774261,0.775104993371503,4.57038726665981,1235.270746915464,0.292562748138165,4.21645475425217,-0.0159036430215443,-0.475539441390469,6.24302935357788,-0.337291327957528,-0.771320383586711,6.0952912104838,-4347.765931511594,-540.7648134060776,2.87368112183244,0.852708307581305,-0.936497924362644,0.478690903516356,0.281711258905561,-0.290347398060921,5.54162445379031,-18.328727842864286,770.0910166031474
112,98.531530994773,2.95324839790532,0.204232457373445,0.464299951630082,3.28566623409277,-210591264.0644138,0.167771112551208,2.87693315124544,6041.122822770333,0.775104993371503,4.57038726665981,1265.6552482700981,0.292562748138165,4.21645475425217,-0.0159036430215443,-0.475539441390469,6.24302935357788,-0.337291327957528,-0.771320383586711,6.0952912104838,-4453.999230558249,-554.0843585483033,2.87368112183244,0.852708307581305,-0.936497924362644,0.478690903516356,0.281711258905561,-0.290347398060921,5.54162445379031,-18.55269462306564,789.0264442844968
113,99.2657654973865,2.95324839790532,0.204232457373445,0.464299951630082,3.28566623409277,-215269334.05033937,0.167771112551208,2.87693315124544,6131.9886489975215,0.775104993371503,4.57038726665981,1284.8453163258637,0.292562748138165,4.21645475425217,-0.0159036430215443,-0.475539441390469,6.24302935357788,-0.337291327957528,-0.771320383586711,6.0952912104838,-4521.0893089488,-562.4966400193028,2.87368112183244,0.852708307581305,-0.936497924362644,0.478690903516356,0.281711258905561,-0.290347398060921,5.54162445379031,-18.692763726144122,800.9855724475364
