,'t',x_1,x_2,x_3,x_4,x_5,x_6,x_7,x_8,x_9,x_10,x_11,x_12,x_13,x_14,x_15,x_16,x_17,x_18,x_19,x_20,x_21,x_22,x_23,x_24,x_25,x_26,x_27,x_28,x_29,x_30
0,0.0,2.95324839790532,3.28566623409277,2.87693315124544,4.57038726665981,4.21645475425217,6.24302935357788,6.0952912104838,2.87368112183244,0.478690903516356,5.54162445379031,0.204232457373445,0.418131207950424,0.059391022069457,-0.245556939370571,-0.0159036430215443,-0.337291327957528,0.28365480766196,0.852708307581305,0.281711258905561,0.244056445240443,0.464299951630082,0.167771112551208,0.775104993371503,0.292562748138165,-0.475539441390469,-0.771320383586711,0.844048002484679,-0.936497924362644,-0.290347398060921,0.125126832072685
1,0.005,2.95417382169018,3.28671493614043,2.87755710955722,4.57008558293606,4.21699320150884,6.24243270673023,6.09481420196044,2.87396977810617,0.478009534890169,5.54025334234209,0.204437491600846,0.421467444360843,0.0575582245672027,-0.246970563903201,-0.0163425631477845,-0.337680889918218,0.285436826931766,0.852350976294775,0.282541964041009,0.242333680577661,0.464471047092699,0.167810919885702,0.775625173621929,0.292105235434794,-0.475655827785658,-0.771329566051809,0.845314339950192,-0.935623810452011,-0.29124748460695,0.123738451348242
2,0.01,2.95601901965825,3.28874048324179,2.87880895581113,4.56948930150793,4.21807379172358,6.24123543464743,6.09385723140669,2.87454879215253,0.476643525076943,5.5375807929066,0.204856024421026,0.427902985419892,0.0539805431557561,-0.249760154586595,-0.0172179142009047,-0.33845906025439,0.288909832289446,0.851642470479853,0.284203695319442,0.239071515698696,0.464799077768576,0.167868723810525,0.776662879161671,0.291197648959456,-0.475870968952028,-0.771347040547482,0.847772525209728,-0.933882656544241,-0.293036548230804,0.121044797152245
3,0.02,2.95785999405461,3.29068512511427,2.88006811820144,4.56890195492616,4.21915983137257,6.24003160278585,6.09289397869746,2.87513124446459,0.475271574937225,5.53498716952205,0.205284834552901,0.434057567500335,0.0505120003987048,-0.252500077793696,-0.0180895918208492,-0.339235807290013,0.292269875426433,0.850942196195442,0.285865735890551,0.236020582987829,0.465109346130799,0.167903007021148,0.777694674527383,0.290299659301905,-0.47606235107197,-0.771363440522768,0.850136770164399,-0.932150988445011,-0.294811385496049,0.118453098708523
4,0.03,2.9670097301762,3.29952473247036,2.8864566048188,4.566083877552,4.22466244498677,6.23391777556522,6.08799303514259,2.87809320553774,0.468337795356833,5.52287938976984,0.207549666011375,0.461609721312232,0.0345437945748849,-0.265503224139484,-0.0223887478210649,-0.343092627926099,0.307651109175444,0.847561664192168,0.294171773360539,0.223011381586576,0.466432336589293,0.167862909284359,0.782692482619257,0.285945923425314,-0.476677944474943,-0.771428980058546,0.860736707341566,-0.923634651060119,-0.3034760019111,0.106755294147558
5,0.08,2.97811355245757,3.30904696994021,2.89444473853982,4.56286263151413,4.23153480770138,6.22623112235208,6.0818236552401,2.88182620481774,0.45972690912133,5.50931126046691,0.210505503912253,0.490168989660002,0.0174348725179786,-0.28000213806611,-0.0275008807864874,-0.347733527642127,0.323981271141188,0.843690457088882,0.304285919544075,0.210268627141103,0.467636936318147,0.16759617364196,0.788295443680359,0.280900921914364,-0.476715149879199,-0.771470810441069,0.871469475809724,-0.913531490415771,-0.313613899900729,0.0946400247497598
6,0.141195625958148,2.99002189332508,3.31838085739526,2.90322909632738,4.55961846513273,4.23907977872126,6.21770468205991,6.07497568091741,2.8859796640401,0.450342088832142,5.49555182846844,0.21381075346907,0.516653690541619,0.0012116356316667,-0.294138607425494,-0.032806965200969,-0.352612708712099,0.33934196510561,0.839832351316446,0.315042595267774,0.198747771978028,0.468553841483662,0.167234159463962,0.793609562084192,0.27577202882474,-0.475974117716129,-0.771466717249962,0.880938730194694,-0.903025419654929,-0.323984053031303,0.0835491099694171
7,0.207195204312018,3.00131521919533,3.32668876204768,2.91172128620305,4.55672156431116,4.24634932769324,6.20938714527367,6.06828593769439,2.89004583544743,0.441366983236763,5.48296715635037,0.216995511459801,0.538761529844593,-0.0125412130402314,-0.306331329084992,-0.0376335124193084,-0.357105068994048,0.352287148797973,0.836461143223397,0.325028330453797,0.189144035194153,0.469140041089363,0.166885144373133,0.797964560516828,0.271168564485141,-0.47462153939895,-0.771414263352234,0.888357904124427,-0.893411421735116,-0.33330576523005,0.0744434275493093
8,0.269911778067366,3.01296990596484,3.33487762017775,2.92061695928102,4.55389853115736,4.25392314361554,6.2006029107995,6.06120186093349,2.8943580009654,0.432079178884291,5.47028598636129,0.22027862897077,0.559104870155437,-0.0253464970192739,-0.317804695676162,-0.0423805500921474,-0.361571001743836,0.364293098290671,0.833277453342415,0.334998402992233,0.180200286430284,0.469508459773822,0.166543176856862,0.801793199746611,0.266674368767739,-0.472667843011538,-0.771310015893253,0.894715699332582,-0.883870075496593,-0.342381895895043,0.0662011009562906
9,0.334568594934635,3.02957582771732,3.34607091788618,2.93347682349126,4.55014133585602,4.26476901598887,6.18779607333032,6.0508204022347,2.90068310821228,0.418866988727333,5.45256471660425,0.224878990286971,0.584547581468036,-0.0415521713938082,-0.332434774462892,-0.0487126049285064,-0.367591207574108,0.379445821815244,0.829253291351646,0.348440179778899,0.16875101984203,0.469691764047312,0.166101189476754,0.80619161366317,0.26070124533424,-0.469110442538054,-0.771074766987172,0.901930573143331,-0.870966365065304,-0.354347085356868,0.0560877935193276
10,0.426271481393239,3.05194110190606,3.36055192707919,2.95106478347669,4.54552037999466,4.279351010416,6.1701262311072,6.0363548721881,2.90949833108832,0.401194571857169,5.42909786169434,0.230827965711129,0.613539353396485,-0.0602712070770067,-0.349416617797593,-0.0564446458495148,-0.375005934627185,0.396931643084196,0.824749535848349,0.36486053220771,0.155222973251854,0.469429003732971,0.165589214382251,0.810442207325621,0.253405277893418,-0.463318859030807,-0.770604748200741,0.908978683531783,-0.854876917893346,-0.368701609948477,0.044862421300689
11,0.548464660678691,3.08157632375686,3.3790893664255,2.97472248098164,4.54007052331399,4.29841859565011,6.14618747763593,6.01642501571519,2.92163863189623,0.378044871892975,5.39844519233192,0.238148211440631,0.644789846810605,-0.0807530474979717,-0.368018276452753,-0.0653960543221677,-0.383577684542814,0.416106183768694,0.820278741670633,0.383388597232266,0.139983487888564,0.468400222066133,0.165027519128505,0.813751601296481,0.244934226951816,-0.45471047259799,-0.769737042861061,0.914869896302471,-0.835746555984874,-0.38483065941761,0.0332448606653765
12,0.707213611329607,3.1181769377866,3.40140969126378,3.00433956076921,4.53423261707163,4.3213081275528,6.11610944944121,5.99075352309384,2.9372822131653,0.3497757183741,5.36113145890344,0.246225748650845,0.6750656293904,-0.100907791386446,-0.386266274336436,-0.074741457823136,-0.392307978047753,0.435091910407617,0.816813135131781,0.401321940357691,0.124600665478872,0.466386748189761,0.16444727990961,0.815211743341213,0.236094909377598,-0.443747505711333,-0.768337166407484,0.91842307220893,-0.81521691051562,-0.400835351116692,0.0227754642298072
13,0.897371923298927,3.15967391652387,3.42634168941032,3.03829718737679,4.52860022342127,4.34614997073091,6.08165015488193,5.96040912595685,2.95583926658309,0.31784531520853,5.31960240176851,0.254142194688063,0.701423089757465,-0.118720329306455,-0.402275593406828,-0.0835590855263773,-0.400053173366962,0.452031086261686,0.815129324766887,0.415850548175357,0.110864750215074,0.463487887589168,0.163849273494889,0.81453920415815,0.227851499655449,-0.43186872310076,-0.766393267449593,0.91920528544011,-0.795387241439589,-0.414856341445122,0.0147732306261108
14,1.1045249136585,3.20330778214146,3.45240176758041,3.07431853105897,4.52360638513791,4.37086289431221,6.04526002428594,5.92725621763841,2.97628682366301,0.283987514847326,5.2770069096831,0.261205468618911,0.722648489941579,-0.133267844683605,-0.41519695131827,-0.0913047630425459,-0.406180299465322,0.4660110398497,0.815330289430904,0.425742895165639,0.0997772281598679,0.460056811601849,0.163208369566135,0.812162350872862,0.220790885762552,-0.420502897611516,-0.764020681400068,0.917659078626925,-0.777585020432272,-0.426174874492255,0.0096053561196325
15,1.31274311196571,3.24606007733636,3.47793784889498,3.10985491523821,4.51947776148411,4.39363310587705,6.00959784562285,5.89367511879318,2.99727254091586,0.250156703056029,5.23651702500509,0.267067462448211,0.738787249030842,-0.144479249110893,-0.424990024444622,-0.097749586883109,-0.410587018706334,0.476881678519063,0.816953836430831,0.431288308526232,0.0915254899569154,0.456521429985609,0.162517329166331,0.808819681266818,0.215111868405341,-0.410544114179035,-0.761426055187956,0.914630373162032,-0.762343637737582,-0.434959820334949,0.0068712491825859
16,1.50774512573054,3.28664110741367,3.50226277488427,3.14377509778478,4.51614843966779,4.41393829668386,5.97581051253059,5.86089461909508,3.01809154055876,0.217176579519436,5.19933727748593,0.271827590926889,0.750926626259687,-0.15302865546625,-0.432295765736769,-0.103048894313675,-0.41360233683915,0.485219552003203,0.819411469002693,0.433644120309514,0.0855789907812844,0.45311507647984,0.161777819199388,0.805076588241988,0.210604279486382,-0.402047311557324,-0.758748261874292,0.910830171268473,-0.74927768931146,-0.441941190969025,0.0058083306434828
17,1.68527547768331,3.32582520197783,3.52587628026521,3.17668913996728,4.51340216248931,4.43237400569989,5.94327297082199,5.82847751310551,3.03905111528316,0.184351567951522,5.16465245421142,0.275807252457085,0.760375877066765,-0.159783714493193,-0.437909532018885,-0.10755146660186,-0.415635768454012,0.491822625454742,0.822359840839409,0.433845164192847,0.0812378310298305,0.44983126059945,0.160975125386254,0.801130418503227,0.206896817685789,-0.394572821441583,-0.755980791540963,0.906558915907753,-0.737529309041497,-0.44791419100724,0.0058026262463632
18,1.85037083891072,3.36563602926703,3.55002534226012,3.21029100038845,4.51102374789408,4.4499799445216,5.91030806588993,5.79482838174442,3.0612343825141,0.149883887357328,5.13065504548505,0.279333745045921,0.768156540342913,-0.165445073962296,-0.442447903492034,-0.111608616910969,-0.41696825945887,0.497349382987171,0.825727141625795,0.432423280255235,0.0779808271922909,0.446524576704257,0.160066145073835,0.796904376832192,0.203650174002119,-0.387564176430502,-0.752994713284899,0.901770569550326,-0.726144698282197,-0.453548452796969,0.0065354501326055
19,2.01241160365468,3.41016965168027,3.57725606973537,3.24808069288615,4.50879629287125,4.46840582106972,5.87353267010723,5.75639088119764,3.08714339383913,0.109870148431062,5.09409946283153,0.28276609444976,0.775105995102544,-0.170620643197731,-0.446392568713719,-0.115621746396656,-0.41772293687953,0.502373133673486,0.829739213909656,0.429321851998895,0.0754759690149601,0.44287106729534,0.15893760803167,0.792004524606568,0.200517347862289,-0.380262733832012,-0.749450331765093,0.896000494987583,-0.713768483938953,-0.459620645430792,0.0079732004402974
20,2.18767651388431,3.46170969772158,3.60908953816402,3.29210644620374,4.50672162537583,4.48816998192855,5.83106760346592,5.71091961702456,3.11862282092063,0.0615059826094106,5.0536898117679,0.28618493295966,0.781280006810719,-0.175378630655337,-0.449744596310141,-0.119675326082688,-0.417777687213926,0.506934451109064,0.834481645440679,0.424209930636162,0.0738186347806541,0.438698938038294,0.157488612240713,0.786174843420823,0.197414075031786,-0.372332901489759,-0.745078671686033,0.888885715737029,-0.699596259365075,-0.466617442486225,0.0101707661525281
21,2.38372189563335,3.52238337081944,3.64704790652421,3.34438994600199,4.50488718731995,4.50946152166175,5.78112633766174,5.65611022994618,3.15782866092046,0.0015826479844475,5.00861510512755,0.28959991134106,0.78648651814594,-0.179619113647773,-0.452346909138954,-0.123755381084992,-0.416890527609374,0.510904195834403,0.839921373825935,0.416648141845098,0.07327505614269,0.433841622839455,0.155597078783629,0.779139970276872,0.194317858511071,-0.36348127032822,-0.739552956864237,0.880006880524077,-0.682754211166842,-0.475066352839081,0.0131697575121398
22,2.60683836331612,3.59390566496214,3.69253778750975,3.4067722856824,4.50346466938587,4.53206587729463,5.72214971805918,5.58980986132747,3.20720719374166,-0.07341276286404,4.95872821026451,0.292963437288262,0.790343839499001,-0.183101756770967,-0.453926477304507,-0.127746643949108,-0.414719165488623,0.514021490675825,0.845769213583929,0.406239545308439,0.0742462186955877,0.428138362813918,0.153129370083484,0.770613845346248,0.191248506318543,-0.353444457937084,-0.732488887570598,0.868918554386072,-0.662275219872913,-0.485507825560521,0.0169057433105248
23,2.8617594623867,3.67695945549703,3.74650105854772,3.48046225038329,4.50269480231369,4.55525069648392,5.65318003711131,5.51060420360059,3.26919105091124,-0.16669432728034,4.90483876100518,0.296177837670884,0.792364359596727,-0.185478431883486,-0.454160029551045,-0.13142646100729,-0.410870885769502,0.515954343216913,0.85130268804064,0.392871042319731,0.0771958385602206,0.42145330612564,0.149972855389959,0.760329472894014,0.188250816702791,-0.342033686848897,-0.723487652965858,0.855238074877561,-0.637239267993493,-0.498308018715805,0.02109653004181
24,3.15069615670549,3.77071712937655,3.80912272918597,3.5656843594008,4.50283372752027,4.57780696598395,5.57407482438185,5.41836561443491,3.34581491893781,-0.280393749383399,4.84869067125693,0.299111341993399,0.792109946058389,-0.186371147127514,-0.452785927832986,-0.134498142073469,-0.404985810455198,0.516419173042608,0.855269248475791,0.376948864228696,0.0825289738585819,0.413690247189029,0.146081472792855,0.748047793680464,0.185361004997416,-0.32919199076574,-0.712198369649454,0.838746284385269,-0.607032904470778,-0.513345157331717,0.0251710950747608
25,3.473506044824,3.8731726662571,3.88003560590427,3.66199539245136,4.504085588372,4.59830962463778,5.48505650301687,5.31408044084866,3.43877191327111,-0.415445410748755,4.79236894089675,0.30160735491616,0.78934296364614,-0.185463180653323,-0.44970267868651,-0.136677688325654,-0.396783987029286,0.515306313695883,0.855986958714197,0.359413819368647,0.0905141843610633,0.404778396521098,0.141504573520761,0.733490383984178,0.182565575361555,-0.314991817980387,-0.698326374052362,0.819396876267127,-0.57153623385429,-0.52976667154926,0.0283028483611128
26,3.83068468243435,3.98182748963118,3.9587901195774,3.76891688479416,4.50657402345268,4.61530514693699,5.38597349401265,5.19927947067138,3.54983299513306,-0.572066537775467,4.73772047527116,0.303436181518138,0.78408133501353,-0.182538543820662,-0.444999268886062,-0.13780807201276,-0.386038765491041,0.512734783529853,0.851565863598814,0.341560667523553,0.101337986403907,0.394676449394589,0.136416059574722,0.716257151807508,0.179790317024561,-0.299581267254817,-0.681602584707659,0.797279258858271,-0.531217586215795,-0.545951578470071,0.0294772344798986
27,4.22742074370738,4.09246479515059,4.04392045896299,3.88461037242704,4.51029286140813,4.62714059502821,5.27740121473503,5.07751214084594,3.67923009175132,-0.747572919735613,4.68691603551395,0.30415153886858,0.776747124911635,-0.177577570375451,-0.439059585909962,-0.138034881509933,-0.372723662996849,0.509123447565944,0.840346452882016,0.325062878389756,0.115089977806923,0.383612681259138,0.131279866866414,0.696120113752757,0.176971136460752,-0.283291007484676,-0.662096611597948,0.772996535358808,-0.48786813842093,-0.55953946357213,0.0275214375539913
28,4.67094355665815,4.19595817091015,4.12977663298213,4.00145198152506,4.51488494065017,4.63222065813466,5.16501423294202,4.95859182579169,3.81943916034119,-0.929166362019353,4.64357727055889,0.303016965213984,0.768656151156327,-0.17116566683792,-0.432867866638402,-0.138096087519406,-0.357662367623391,0.505361365924151,0.82242142735698,0.311953956053597,0.13132989126189,0.372637918020642,0.127115739168765,0.674117174258666,0.174229714104484,-0.26691939775693,-0.641247682664149,0.748649157698078,-0.446101895180908,-0.568100153150086,0.0215072493000022
29,5.15400330070755,4.27882979870935,4.20471676424541,4.10346050210307,4.51942622032808,4.63080831339039,5.06348057655896,4.85938251291901,3.94931394199344,-1.08964155367192,4.61187323163869,0.299573770059187,0.762053346262004,-0.164860231591934,-0.427949600806273,-0.139096662914239,-0.343177738376447,0.502601421791841,0.801862925041987,0.303549406892091,0.148263431532889,0.363674656975132,0.125115688123122,0.653647306059648,0.172004013092755,-0.251873594649222,-0.622579746218599,0.728021367808983,-0.412770344247507,-0.57126505799562,0.0120741030546264
30,5.62898182816412,4.34297528996068,4.26819602227956,4.18968109905048,4.52357384933862,4.62504139204628,4.9743006500696,4.77988483853967,4.06401233275821,-1.22547515745822,4.58940207819374,0.293617002407822,0.75774541227875,-0.159394949997718,-0.424738823646383,-0.141717843993919,-0.329734765099267,0.501108888324086,0.781562282328989,0.298418632900791,0.165868993887033,0.356889540239611,0.125424278352361,0.635695222535167,0.170468327011572,-0.237361639717488,-0.606953222675136,0.711280394903613,-0.387859625096416,-0.571432106439363,2.43788483001925e-05
31,6.09657938691257,4.39688996954175,4.32690509955578,4.2689977109635,4.52760271322329,4.61562700331525,4.88879605915373,4.7112000381734,4.17280260076298,-1.34948165065146,4.57222157542911,0.283958151319306,0.755697587884653,-0.154629050153665,-0.423268505042902,-0.146561355349012,-0.315821025429048,0.500781755385536,0.761331070370727,0.294779655399596,0.1864094468411,0.351311843284702,0.128177716186922,0.619106970595684,0.169725842741009,-0.220780507318048,-0.593083950263106,0.69630272832512,-0.36818378932181,-0.570659223365122,-0.0156415197551214
32,6.61677303885804,4.43538332356814,4.37314424956532,4.33092690393272,4.5308807672824,4.60516827952949,4.81914732468905,4.6612660797222,4.25922198036179,-1.44477624866801,4.56117738566412,0.272017336423992,0.755982801255819,-0.15138362623172,-0.423969912342167,-0.152345282976462,-0.303171717119358,0.501420938035316,0.745370903702308,0.292130531801136,0.206594323970582,0.346945836999465,0.13270879438524,0.606722009198668,0.170058153787286,-0.203989684041688,-0.582640562939387,0.684407638528256,-0.355274538049772,-0.570627409810505,-0.0319692213267045
33,7.12443720293018,4.45962745454347,4.40485053422268,4.37294915732051,4.53317050373035,4.59631138797851,4.77008382216331,4.62965861576957,4.31814264759941,-1.50817115881437,4.5548991489532,0.260866799490668,0.757328863371708,-0.149567529410997,-0.426094773805251,-0.157049071757873,-0.293167688958642,0.502279744414534,0.735161612475445,0.290093964751131,0.22277881861271,0.343325826274989,0.13739075291484,0.59914790833992,0.171061180530131,-0.18981592997917,-0.575501706291201,0.675705554294706,-0.34782928223934,-0.571702996034141,-0.0454033299667062
34,7.55381361770777,4.47933547604405,4.43255297335768,4.40922902116578,4.53518881824506,4.58738831180801,4.7262546293789,4.60417186814361,4.36883877919455,-1.56173992281083,4.55028939166232,0.248873401196675,0.759235818893232,-0.148287361117307,-0.429689082344561,-0.161096040459671,-0.283276725510156,0.50310259585307,0.727375826636984,0.287979785731422,0.238403332121787,0.339071708804529,0.142725861945883,0.593688758582939,0.172630873532548,-0.175404004276888,-0.568865240922165,0.667239512552302,-0.342274900764502,-0.573927476553985,-0.0584815410600608
35,8.01512589780396,4.49658066759239,4.45859573624344,4.44280609740849,4.53708580783666,4.57796518249534,4.68412849234466,4.5824112287681,4.41527562339287,-1.61007135250884,4.5467255690885,0.235618324576232,0.761531594682082,-0.147272193893676,-0.435256821653398,-0.164089480019475,-0.272971611983653,0.503557020373857,0.72173328852135,0.28563095466564,0.254135497300387,0.333403831151852,0.148934391064157,0.590174023425737,0.174750627692784,-0.160076565919146,-0.56172313790918,0.658086839544888,-0.337907050721829,-0.577585549365689,-0.0716365050447327
36,8.56684759863253,4.51128292241998,4.48250002653064,4.47297641478,4.53879816042698,4.56842941176486,4.64454557585309,4.56479925039783,4.45623807711462,-1.65222097455732,4.54415720466252,0.221725289610524,0.763887444847918,-0.146262171532709,-0.443017459501991,-0.165234285088044,-0.262927976235129,0.503054517245513,0.718841130119524,0.283164204470673,0.26938413527555,0.325915544507329,0.15577997090247,0.589075593030826,0.177114366331638,-0.144406387961781,-0.553613173289707,0.648256017006769,-0.334704525449727,-0.582728512834869,-0.0842584993318922
37,9.24925716257965,4.5221161372654,4.50146063056034,4.49627028648878,4.54009290883934,4.5602686672974,4.61239659065086,4.55296711099099,4.48703467840324,-1.68375298814983,4.54265787981283,0.209364421616593,0.765746419351663,-0.14503579534983,-0.451667683894,-0.164151834127193,-0.255090549490494,0.501184234195161,0.719018776049465,0.280942545748976,0.28230411557307,0.317495909002999,0.162218211797836,0.590381263809139,0.178973736309688,-0.130594398329336,-0.545199256408559,0.639197305558445,-0.332814877094066,-0.588459347502799,-0.0947643195858196
38,10.0235428019205,4.52978004561195,4.51585123204244,4.5134060637896,4.5409800685203,4.55373119741795,4.58745294746558,4.54576588775688,4.5089439883231,-1.70627879616981,4.54188622436979,0.198871767711912,0.766972721662802,-0.143376059932401,-0.460179680452607,-0.161325197323357,-0.249933146430415,0.497897077942944,0.7214652939205,0.278894353332599,0.293327776791971,0.308760952665577,0.168083242795943,0.593243241739487,0.17993745367524,-0.118770784904145,-0.536626355708045,0.6314062643252,-0.331832448475215,-0.59418527006872,-0.103581229793462
39,10.9103514853619,4.53505791322352,4.52648230213927,4.52562327361693,4.54151146250795,4.54871746016036,4.56865713853864,4.54192133403667,4.5239398770285,-1.7219353060837,4.54155145497915,0.190139750528619,0.767586332362278,-0.141239433774042,-0.467864509932809,-0.157187746456483,-0.24748204873569,0.493279266099695,0.725444364538555,0.276679379859148,0.303259796346113,0.300062998133591,0.173597126747824,0.596832154173009,0.17988026426222,-0.10861959523053,-0.527926650658352,0.62508074960807,-0.331402057144954,-0.599625375429805,-0.111445215773784
40,11.9722640185916,4.53861208566697,4.53419345726052,4.53411842319833,4.54174128088751,4.54498134791261,4.55479095183556,4.54040592338749,4.53384359783163,-1.73260239471009,4.54145090843733,0.183065365943871,0.767627327204434,-0.138722307488579,-0.474417543749367,-0.151687996469447,-0.247837946062017,0.487250592264753,0.730610625996387,0.273674144244652,0.313052966228942,0.291375858210921,0.179288363465656,0.600473215026512,0.178756886930497,-0.0996881133070955,-0.518829972992567,0.620307866851135,-0.331289414791364,-0.604800746691019,-0.119161254662814
41,13.3816373566284,4.54045236928409,4.53858679775268,4.53871437965748,4.54172107192839,4.54282412396118,4.54677412270893,4.54043479749534,4.53884806292096,-1.73829695719228,4.54145418391514,0.179051947791421,0.767190509996132,-0.136564353113695,-0.47868763144026,-0.145603594804871,-0.250946375694472,0.480788133880431,0.735862256068589,0.26974313135181,0.321781101449519,0.284282210353584,0.184656897590553,0.602879053111282,0.176702229930777,-0.093167854919288,-0.510471712862493,0.61790738101373,-0.331387579741319,-0.608955042622073,-0.126014021764225
42,15.1353993961831,4.54098372322115,4.54006376329959,4.54017896205628,4.54164367907675,4.54212528441496,4.54403669061987,4.54077021007368,4.5403162122792,-1.74010407622004,4.54146275117172,0.178196459926458,0.766750602120486,-0.135824335624001,-0.480219369747365,-0.14110522574729,-0.254218752404877,0.476705940261082,0.739071031351616,0.266477502271538,0.326781256134853,0.28039157866432,0.188003268982446,0.603405614624381,0.174978874494341,-0.090022634614623,-0.50548108133789,0.617732256990408,-0.331534238899019,-0.611036800955492,-0.130005355045857
43,16.5552280172836,4.54123299874678,4.54078017623371,4.54085990219327,4.5415779218734,4.5417855299835,4.5427106376034,4.54104133805332,4.54095765077742,-1.74095086212097,4.54146566781385,0.178591494750048,0.766395993303523,-0.135689344601244,-0.48095547326471,-0.137188475185022,-0.257665772797014,0.473314365645568,0.741392777166869,0.263452549036787,0.33096698901146,0.278099200254134,0.190650997285807,0.603057992692872,0.173293833481372,-0.0879290312701659,-0.50149157893041,0.618326103559552,-0.331731235291955,-0.612512834729879,-0.133331981360377
44,17.9750566383842,4.54133610833982,4.54108531978972,4.54113930119198,4.54153842819227,4.54164194887548,4.54214829058533,4.54119631730731,4.54120568393111,-1.74130206219382,4.54146598178955,0.179445872842156,0.766190793057366,-0.136096351454555,-0.481200736116077,-0.133868433095898,-0.260397191226161,0.471067193823703,0.743042384174891,0.260952405046247,0.333479165200341,0.276405570278119,0.192503602724042,0.602345904890945,0.171952192602294,-0.0865476478318345,-0.498650789482094,0.619248114323774,-0.332014439385794,-0.613488294510657,-0.13532274973099
45,19.166242909097,4.54139292791081,4.54125393447444,4.54128891728002,4.54151132314269,4.54156244118351,4.54183994017777,4.54129873109446,4.54133181087987,-1.74149220343331,4.5414657554207,0.180664470205278,0.766058994001612,-0.136621025114867,-0.481304188897126,-0.131048658285677,-0.2630436823463,0.469003422019025,0.744190692451354,0.258709696066424,0.336005381966518,0.275649743718883,0.194001423912248,0.601390896860794,0.170541861546618,-0.0855066154000479,-0.496080681803778,0.620281990208208,-0.332301021468789,-0.61423103729387,-0.137315096818439
46,20.3574291798098,4.54143009953421,4.54136392812555,4.54138334523191,4.54148996439436,4.54151019060247,4.54164068691179,4.54137606620406,4.54140709276873,-1.74161409019639,4.54146514537872,0.182312273927743,0.7659950839899,-0.13766473240241,-0.481291440365141,-0.127353885479077,-0.266015226126565,0.466963247198795,0.745525396624507,0.255966155700683,0.33817822886481,0.274521752614598,0.195592313303957,0.600005583683774,0.168873796114168,-0.0842252602247048,-0.49327718152028,0.621782179260342,-0.332814855005578,-0.615051807389026,-0.138975057694877
47,21.8363161447811,4.54144614609509,4.5414119977993,4.54142322191352,4.54147880195877,4.54148764802114,4.54155437593529,4.54141468385147,4.54143683836326,-1.74166651388881,4.54146463502486,0.18404587009702,0.765998703806172,-0.138515940410916,-0.481288958953372,-0.124833097026342,-0.26852020274791,0.465143433590965,0.746141684044911,0.253856246271944,0.340587363239617,0.274700421985951,0.196689030855306,0.598698298992087,0.167240477244512,-0.083463002815695,-0.490852756268551,0.623029091569914,-0.33322942277347,-0.615556327747612,-0.14082434794393
48,23.1630563718609,4.54145319558958,4.54143314583607,4.54144028500135,4.54147327930959,4.54147784593407,4.54151677785433,4.54143324846596,4.54144888544064,-1.74168929995593,4.54146433826775,0.185279164089596,0.766052141287055,-0.139500847241894,-0.481213801872605,-0.1222296767829,-0.270300344352265,0.464078607836589,0.746907724551441,0.252026091017019,0.341516043378355,0.273990694659387,0.197533012701153,0.597576125177185,0.166077781772402,-0.0825698277742111,-0.489169974276648,0.624198837730314,-0.333727901802552,-0.616015787971002,-0.141461497120819
49,24.2387877756823,4.5414573551504,4.54144543142689,4.54144997691099,4.54146978892655,4.54147213763386,4.54149514542979,4.54144470516912,4.5414554108012,-1.7417024138762,4.54146413110401,0.18664003970187,0.766119486158996,-0.140285821678481,-0.481196294121627,-0.120370966949564,-0.271982038071164,0.462908115733681,0.747240265569006,0.25050027894442,0.343042036622927,0.274231284119798,0.198189092712841,0.596520266958784,0.16482111022944,-0.0820013085366987,-0.487484376238513,0.625182170637504,-0.334133815149047,-0.616325586605224,-0.142567375034304
50,25.2928064962324,4.54146023270466,4.54145381521889,4.54145643940998,4.54146721595895,4.54146823390824,4.54148053368913,4.54145295752457,4.54145955311341,-1.74171129180393,4.54146396146943,0.188086190862469,0.766235374407575,-0.141361970112027,-0.481144943243114,-0.117871561240682,-0.273765005757447,0.46178956001752,0.747782918978659,0.248660258382065,0.344204279614747,0.27400110640601,0.198916222895009,0.595257265106803,0.163457511407585,-0.081158483341311,-0.485701966877953,0.626417736337872,-0.334718220399847,-0.616704784494023,-0.143334923946183
51,26.5433818697605,4.54146191418937,4.54145865120401,4.54146007558045,4.54146560887445,4.54146598803664,4.54147219831299,4.54145798039094,4.54146175190873,-1.74171637310856,4.54146384632329,0.189726688706186,0.766374340004208,-0.142380839052942,-0.48113185111326,-0.115747881314059,-0.275566714598018,0.460525249933326,0.748048402532325,0.246903976314826,0.345863730497044,0.27442794449688,0.199554264208625,0.593964122008376,0.161922261144144,-0.0804849465618852,-0.483791007427492,0.627593359065055,-0.335294556237802,-0.617003200466074,-0.144456777136126
52,27.9053977905676,4.54146270544067,4.54146092511742,4.54146174520709,4.54146479764654,4.54146494803626,4.54146831931102,4.54146045832492,4.54146270348905,-1.74171874756132,4.54146378481799,0.190959866970148,0.766527493194539,-0.143432406660486,-0.481087201538884,-0.113440266971008,-0.276975203552702,0.459669996248938,0.748513582676341,0.245269965343324,0.346609276199409,0.274121234753923,0.200108751486754,0.592802570767841,0.160721335840878,-0.0796656263237351,-0.482316811702176,0.628734879958789,-0.33591989696239,-0.617295362461912,-0.144859612264303
53,29.1301924751998,4.54146310434723,4.54146205843865,4.54146256129595,4.54146437088341,4.54146443250829,4.54146640415898,4.54146173739597,4.54146314470905,-1.74171992516852,4.54146375130556,0.192169359973615,0.766655083718272,-0.144163402473592,-0.481089126052835,-0.112076795254468,-0.278167062157987,0.45877403674262,0.748583819923613,0.244065220800168,0.347863966690211,0.274632668206475,0.200489231202034,0.591874322864405,0.159578315334251,-0.0792282656096318,-0.480965529655791,0.629545824234627,-0.336370095734716,-0.617458478455594,-0.145666529292394
54,30.212707620323,4.54146334817122,4.54146274376416,4.5414630461596,4.54146410150186,4.54146412170915,4.54146525640421,4.54146253264768,4.54146339476875,-1.74172063456962,4.54146372939988,0.193199535151665,0.766803803464022,-0.145019485531126,-0.481066584629322,-0.110297776942018,-0.2792470011666,0.458071195341937,0.748872218269835,0.242765675602225,0.348533522349,0.2745371395096,0.200885931142631,0.590918407205261,0.158564427405919,-0.0785895553498359,-0.47977200694628,0.630463159307527,-0.336916969179491,-0.617652561853742,-0.146006508147925
55,31.3284425586698,4.54146350590705,4.54146318028321,4.54146334961781,4.54146392267913,4.54146392382763,4.54146453221471,4.54146305230959,4.54146354348647,-1.74172108475616,4.54146371445546,0.194416061797981,0.766961900072395,-0.145823670105766,-0.481065150946623,-0.108822225166152,-0.280389611056433,0.45720120724033,0.748955257303611,0.241501368560475,0.349679964209799,0.274965095854075,0.201249385346891,0.58994156178832,0.157395534914317,-0.0780854832808989,-0.478428143244643,0.631328394044812,-0.337449720823231,-0.61780359734268,-0.146681564163297
56,32.5847815574951,4.5414635933882,4.54146342074026,4.54146351379115,4.5414638201116,4.54146381581439,4.54146413702414,4.54146334589772,4.54146361966403,-1.74172133197663,4.54146370570977,0.19543883291388,0.767135499769627,-0.146709737077656,-0.48104615570563,-0.107013404387905,-0.281406017034012,0.456514282216528,0.74922631873595,0.240186248805713,0.350289233673123,0.274849791111682,0.201618022187105,0.588962160427277,0.156374318757063,-0.0774192209711113,-0.47725816607426,0.632270747984061,-0.338057234738648,-0.617970713575098,-0.146938242014406
57,33.8717603826026,4.54146363710161,4.54146354009632,4.54146359398043,4.54146376733007,4.54146376272247,4.54146394252169,4.54146349484791,4.54146365490842,-1.74172145438601,4.54146370116526,0.196467011425132,0.767277395302345,-0.147338354099534,-0.481049585446324,-0.105966588140132,-0.28228809169113,0.455771342120791,0.749202393980321,0.23919580671227,0.351343771745878,0.275374407870995,0.201878406407832,0.588176972779108,0.155392930920291,-0.0770606033527052,-0.476156471870373,0.632939720858348,-0.338505217100971,-0.618060608778864,-0.147548074639997
58,35.0470928638463,4.54146366072015,4.54146360422169,4.54146363645191,4.54146373815786,4.54146373440636,4.54146383881992,4.54146357627369,4.54146367270788,-1.74172152003381,4.54146369861999,0.19721168899107,0.767421044846401,-0.148012506727129,-0.481036285286387,-0.104590275929333,-0.283000659982496,0.455272710597871,0.749403992313254,0.238207619933266,0.351737773153098,0.275244190197501,0.202139311716157,0.587436894005027,0.154643180340575,-0.0765425830036241,-0.475311669387095,0.633658964970443,-0.338995823216021,-0.61816880394469,-0.147672198584608
59,36.1509335462004,4.54146367524769,4.54146364318543,4.54146366192763,4.54146371998649,4.54146371722171,4.54146377627796,4.54146362646358,4.54146368289799,-1.74172155985339,4.54146369701643,0.198077840826458,0.767554964576893,-0.148567102995707,-0.481036064383825,-0.103663262304961,-0.283716876683149,0.454649718960796,0.749390260338592,0.237347308345577,0.352578315228943,0.275637775495238,0.202354749979468,0.586756124894886,0.153814817195591,-0.0762116273134681,-0.474392400245806,0.63424751047986,-0.339413650160122,-0.618236271635127,-0.148125565596855
60,37.3090549206236,4.54146368406037,4.54146366663674,4.54146367706145,4.54146370879141,4.5414637069275,4.54146373891655,4.54146365709041,4.54146368866922,-1.74172158378444,4.54146369601871,0.198812331914794,0.767703975735909,-0.149212164152439,-0.48102568085435,-0.102374608311457,-0.284380762132295,0.454148053606913,0.749551998212361,0.236398318188768,0.352993639701413,0.275560309902933,0.202594133529594,0.586036573897066,0.153082106244574,-0.0757217334714661,-0.473576650928026,0.634941494548671,-0.339908413032172,-0.618322853991755,-0.148253503605755
61,38.5527558505619,4.54146368886588,4.54146367933973,4.5414636851588,4.54146370258831,4.54146370138915,4.54146371882179,4.54146367389682,4.54146369160643,-1.74172159673115,4.54146369546436,0.199622972547241,0.767832819355559,-0.149700064774631,-0.481025135595801,-0.101613161209206,-0.285008028202607,0.453555777387842,0.749494967351986,0.235633452673578,0.353821502375654,0.275998763856927,0.2027772295516,0.585422943802449,0.152318775590187,-0.0754464805165627,-0.472737321633333,0.635460156029559,-0.340297086977469,-0.618368542352557,-0.148696974257138
62,39.7861527603279,4.5414636913727,4.54146368595444,4.54146368932753,4.54146369929509,4.541463698532,4.54146370842386,4.54146368274943,4.54146369304994,-1.74172160346732,4.54146369516926,0.20017550682282,0.767959695377592,-0.150225524386197,-0.48101585811757,-0.1005267293412,-0.285503193771575,0.453178452612572,0.749650357526177,0.234866687034031,0.354055708152967,0.275837754697373,0.202965936462245,0.584843445444102,0.151765303241473,-0.0750250871893083,-0.47212368594551,0.636035107436752,-0.340718503790111,-0.618431029593021,-0.148717777670332
63,40.9403981986762,4.54146369279285,4.54146368967152,4.54146369164716,4.54146369741367,4.54146369693097,4.54146370261514,4.54146368776969,4.54146369381863,-1.74172160724962,4.54146369499999,0.200820543129523,0.768065316425192,-0.15059951346816,-0.481014233876739,-0.0999680206095425,-0.285977606907835,0.452701628455213,0.74958589528706,0.234275349894397,0.354725743580508,0.276208966152481,0.203103794924829,0.58436521861896,0.151167422490724,-0.0748189272680364,-0.471469181763089,0.636435329048178,-0.341030402071113,-0.61845868167399,-0.14907207536528
64,42.0714516899444,4.54146369364493,4.54146369188939,4.54146369301801,4.54146369627482,4.54146369597926,4.54146369916887,4.54146369078994,4.54146369425426,-1.74172160950492,4.54146369489696,0.201311585519536,0.768179858613436,-0.151047108896716,-0.481007212876922,-0.0990556249437863,-0.286395812396046,0.452358394025981,0.749701770913397,0.233615800599116,0.354953451351622,0.276097461936712,0.203262786520562,0.583861650285863,0.150685472045104,-0.0744617893854016,-0.470936653130959,0.636932247878868,-0.341403616388797,-0.618504149438077,-0.149101947230212
65,43.2501295676111,4.54146369414372,4.54146369317838,4.54146369380763,4.54146369560367,4.54146369542771,4.541463697177,4.54146369255861,4.5414636944945,-1.74172161081481,4.54146369483608,0.201909992170697,0.768280728352707,-0.151385196461549,-0.481004534946553,-0.0985635385863344,-0.286817630431021,0.451911718457364,0.749632313078272,0.233076676016444,0.355574574259591,0.276446223497096,0.20338681171404,0.583423173228315,0.150140266642182,-0.0742754654565127,-0.470340513040322,0.637298405316758,-0.34169684569981,-0.618524298632485,-0.149426294475598
66,44.4753074678209,4.54146369441412,4.5414636938764,4.54146369423156,4.54146369523559,4.54146369513127,4.54146369610373,4.54146369352348,4.54146369461814,-1.7417216115239,4.54146369480268,0.202312304888951,0.768383767039058,-0.151777335912008,-0.480998471399459,-0.0977320483617287,-0.287159368703716,0.451629422253745,0.749754028847982,0.232500323712317,0.355702479544475,0.276275949262414,0.203525096665401,0.582984168854997,0.149747726808786,-0.0739448887675864,-0.469905546562975,0.637743956482398,-0.342034014906382,-0.618561081816043,-0.149399902927346
67,45.6738136973791,4.54146369456139,4.54146369425476,4.54146369445964,4.5414636950338,4.5414636949712,4.54146369552461,4.54146369404972,4.54146369468201,-1.74172161190812,4.54146369478437,0.202809778331804,0.76846471380088,-0.152028703425323,-0.480995911522638,-0.0974092474415896,-0.287488113615472,0.451252355239696,0.749668068815243,0.232088302505026,0.356253859221991,0.276619176011991,0.203618713512376,0.582643082575351,0.149307270290187,-0.0738201812145841,-0.469424004932368,0.638018214878098,-0.342260721167661,-0.618571339840755,-0.14969874701897
68,46.8273204925209,4.54146369464553,4.54146369447036,4.54146369458868,4.54146369491772,4.54146369488037,4.54146369519601,4.54146369435122,4.54146369471682,-1.74172161212701,4.5414636947738,0.203132383728401,0.768550487743665,-0.152345223043918,-0.480991583534031,-0.0967273785244624,-0.287755649075285,0.451023274722282,0.749770655041539,0.231620424298511,0.356337710552915,0.27645921677057,0.203730785605176,0.582285318803399,0.148998592650998,-0.07354562883715,-0.469080525583024,0.638385592394493,-0.342539952411426,-0.618598753103475,-0.149663183195897
69,47.9766178745531,4.54146369469531,4.5414636945971,4.54146369466406,4.54146369484888,4.54146369482702,4.54146369500363,4.54146369452929,4.54146369473641,-1.74172161225565,4.54146369476752,0.203567762345966,0.768622465775652,-0.152560455098897,-0.480988827989002,-0.096453950920046,-0.288033839905571,0.45069136040616,0.749694257458342,0.231263858629238,0.356812471207773,0.276752529350315,0.203812240811277,0.581988788537348,0.148621020387699,-0.0734358191443762,-0.468666258421484,0.638625051426569,-0.342739274167204,-0.618606397408603,-0.149920418277878
70,49.1652747663285,4.54146369472359,4.54146369466901,4.54146369470656,4.54146369480951,4.5414636947969,4.5414636948949,4.54146369463079,4.54146369474706,-1.74172161232863,4.54146369476392,0.203845329058018,0.768699845286643,-0.152840469456572,-0.480985708477617,-0.0958337555202008,-0.288261090855594,0.45049296090577,0.749794895644301,0.230848264235563,0.356854831089305,0.276576277571361,0.203912320151131,0.581670433023829,0.148360767724577,-0.0731825775351717,-0.468374327831072,0.638958078551233,-0.342991204955967,-0.618629894250671,-0.149868409355586
71,50.3703240554364,4.54146369473917,4.54146369470847,4.54146369472975,4.54146369478775,4.54146369478042,4.54146369483544,4.54146369468671,4.54146369475267,-1.74172161236866,4.54146369476193,0.204229709908346,0.768759213356836,-0.153004468712971,-0.480983266084903,-0.0956661122064598,-0.28849097840397,0.450196651567016,0.749705581253432,0.2305653623168,0.35730340891549,0.276880564162412,0.203977082030434,0.581429735618282,0.148038486233796,-0.0731114477606692,-0.468019523032501,0.6391424123516,-0.343147946859639,-0.61863347047699,-0.150124429173061
72,51.553187645414,4.54146369474778,4.54146369473029,4.54146369474251,4.54146369477564,4.54146369477135,4.54146369480267,4.54146369471775,4.54146369475565,-1.7417216123908,4.54146369476083,0.204440887050632,0.768822969998875,-0.153234621701245,-0.480981580492052,-0.0951311770633031,-0.288665894997595,0.450046074146743,0.749805028896272,0.230223998007901,0.357289418063389,0.276684917517227,0.204060256424696,0.581168856652508,0.147843859008363,-0.0728899240388412,-0.467798215118216,0.639423936475369,-0.343357597078636,-0.618653420543366,-0.150051206205441
73,52.7085401933832,4.54146369475275,4.54146369474282,4.5414636947498,4.54146369476864,4.54146369476614,4.5414636947839,4.54146369473563,4.54146369475731,-1.74172161240352,4.54146369476018,0.204767630072604,0.768871867402552,-0.15336329301406,-0.48097956466458,-0.0950151393990991,-0.288852873093244,0.449793076489245,0.749723318939672,0.229995713489467,0.357674365687061,0.276952650398853,0.204113332793527,0.580972008911532,0.147577679978244,-0.0728364405573202,-0.467503285095234,0.639571836215862,-0.343483070534238,-0.61865602762595,-0.150277221391614
74,53.873194964699,4.54146369475563,4.54146369475005,4.541463694754,4.54146369476458,4.54146369476315,4.5414636947731,4.54146369474598,4.54146369475823,-1.74172161241085,4.54146369475981,0.204947779156404,0.76892717938675,-0.153560715708474,-0.48097904016048,-0.0945454490879979,-0.288999033882311,0.44966412007437,0.749815121387354,0.229700569661565,0.357644571082437,0.276764281257978,0.204186157493462,0.580745499058972,0.147417325989496,-0.0726388109874994,-0.467318213489404,0.639819719897839,-0.343664675236327,-0.618673767992089,-0.150206052898765
75,55.0605142690836,4.54146369475725,4.54146369475413,4.54146369475635,4.54146369476228,4.54146369476146,4.54146369476702,4.54146369475183,4.54146369475873,-1.74172161241499,4.5414636947596,0.205243018223703,0.768968026659623,-0.153660260661093,-0.480977438019717,-0.0944858438044056,-0.289158237290022,0.449434397091109,0.749729678890376,0.229514574664781,0.358007186155261,0.277031120066928,0.204230222551505,0.580581041200282,0.147185084578356,-0.0726052031410157,-0.467059078853522,0.639936583864825,-0.343763897169439,-0.618675473730468,-0.150428936273787
76,56.2537466073082,4.54146369475815,4.54146369475639,4.54146369475765,4.541463694761,4.54146369476053,4.54146369476367,4.54146369475508,4.541463694759,-1.74172161241728,4.54146369475948,0.205378958433179,0.769014534955267,-0.153829348427178,-0.480978129490291,-0.0940573993640267,-0.289272736578677,0.449338638023064,0.749826639398794,0.229262701134979,0.357931243824506,0.276818163676825,0.204293581928729,0.580388693451812,0.147067188081006,-0.0724224490538777,-0.466919183311671,0.640155842912416,-0.343919567843194,-0.61869246580377,-0.150338340944611
77,57.4266517781206,4.54146369475866,4.54146369475765,4.54146369475837,4.54146369476028,4.54146369476001,4.5414636947618,4.5414636947569,4.54146369475914,-1.74172161241856,4.54146369475941,0.205634710492083,0.769046518519476,-0.15390019902842,-0.480977023902485,-0.0940474698597361,-0.28940223704917,0.449139009179982,0.749742169128799,0.229120407786077,0.358259216643011,0.277072802187628,0.204328201735828,0.580258753608794,0.146873319830482,-0.0724069340285201,-0.466701100162478,0.640241283410158,-0.343991659497898,-0.618693732634201,-0.150549471356129
78,58.5892699872363,4.54146369475895,4.54146369475838,4.54146369475879,4.54146369475987,4.54146369475971,4.54146369476072,4.54146369475795,4.54146369475923,-1.7417216124193,4.54146369475938,0.205744496079541,0.769085356771863,-0.154042427335154,-0.480978668401858,-0.0936735996506207,-0.289494245688461,0.44906239321544,0.749832976489621,0.228907243029519,0.358171577399727,0.276868060399042,0.204382893531794,0.580095569431431,0.146782780937486,-0.0722446840478132,-0.466590307499886,0.64043144530194,-0.344122455827174,-0.618709615753601,-0.150462223379556
79,59.7598941203646,4.54146369475911,4.54146369475879,4.54146369475902,4.54146369475963,4.54146369475954,4.54146369476011,4.54146369475855,4.54146369475927,-1.74172161241972,4.54146369475935,0.205974166276471,0.76911144209523,-0.154095129150728,-0.480978074530139,-0.0936923352795023,-0.289604168154296,0.448883117858694,0.749751461823186,0.228792481000811,0.35847213996989,0.277109391360352,0.204411910198826,0.579987390474874,0.146615088796059,-0.0722386719968349,-0.466399655397016,0.640497915603142,-0.344176730008356,-0.618711313238392,-0.15066386269899
80,60.9460784515269,4.54146369475921,4.54146369475903,4.54146369475916,4.5414636947595,4.54146369475945,4.54146369475977,4.54146369475889,4.5414636947593,-1.74172161241996,4.54146369475934,0.206057466078752,0.769144450712829,-0.15421971531981,-0.480980701876931,-0.0933443694755157,-0.289677331791783,0.448826869049056,0.749845655179924,0.228606090198871,0.358356689154223,0.276890390760903,0.204460873593919,0.579845225671555,0.146550282530284,-0.0720855000187407,-0.466315931905154,0.640670310566279,-0.344290340452471,-0.618727305838966,-0.150566541813945
81,62.1289201165292,4.54146369475926,4.54146369475916,4.54146369475923,4.54146369475942,4.5414636947594,4.54146369475958,4.54146369475908,4.54146369475931,-1.74172161242009,4.54146369475934,0.206264099971554,0.76916419697233,-0.154252112403884,-0.480980490725793,-0.0934030797848338,-0.28976894517847,0.44866541359091,0.749761669296639,0.228521653772369,0.358642696398795,0.277133202191875,0.204483328219056,0.579760573928372,0.146405556895487,-0.0720942059422298,-0.466149815131944,0.640713716089035,-0.344324659655484,-0.618728893505304,-0.1507673399952
82,63.3004497754189,4.54146369475929,4.54146369475923,4.54146369475927,4.54146369475938,4.54146369475937,4.54146369475947,4.54146369475919,4.54146369475932,-1.74172161242016,4.54146369475933,0.206325488479375,0.769191401185007,-0.154358338222511,-0.480983878157163,-0.093089295211637,-0.289825530704598,0.448625876854437,0.749854300261305,0.228362666447074,0.358512410978328,0.276913665673542,0.20452615617041,0.579639561437783,0.146362019682728,-0.0719539823635491,-0.466088822793569,0.640865956563925,-0.344420322490067,-0.618744587867602,-0.150668180919936
83,64.4665746819876,4.5414636947593,4.54146369475927,4.5414636947593,4.54146369475936,4.54146369475935,4.54146369475941,4.54146369475925,4.54146369475932,-1.7417216124202,4.54146369475933,0.206510588413314,0.769206554573871,-0.154378046437293,-0.480984140223777,-0.0931653925453673,-0.289902523299226,0.448481617713545,0.749774542797401,0.228298250249125,0.358773650668024,0.277142170657496,0.204544525404658,0.579571084377382,0.146237668289277,-0.0719684072851766,-0.465944197309693,0.640895896499356,-0.34444144131069,-0.618746833311592,-0.150859002917354
84,65.6421211276685,4.54146369475931,4.5414636947593,4.54146369475931,4.54146369475934,4.54146369475934,4.54146369475937,4.54146369475928,4.54146369475932,-1.74172161242023,4.54146369475933,0.206556238912036,0.769229463897794,-0.154471181724589,-0.480988250724135,-0.0928747436040974,-0.289947094901721,0.448454334184266,0.749867079841678,0.228158627905755,0.358630628122631,0.276919994575771,0.204583169247661,0.579464944254438,0.146209951006345,-0.0718364687146431,-0.465899767422806,0.641034348389109,-0.344523898973169,-0.61876269930046,-0.150758109968583
85,66.8236983019682,4.54146369475932,4.54146369475931,4.54146369475932,4.54146369475934,4.54146369475933,4.54146369475935,4.5414636947593,4.54146369475932,-1.74172161242024,4.54146369475933,0.206727319815621,0.769240356709726,-0.154477732189354,-0.480988828811472,-0.0929773302342509,-0.290012734151372,0.448321211777464,0.749785544261935,0.228113751695841,0.35888354303548,0.27715071368003,0.20459739174184,0.579411526826587,0.146099870271342,-0.071860416766589,-0.465770258941022,0.641049256633941,-0.344531597912319,-0.618765161951928,-0.150949860488217
86,68.0023788051975,4.54146369475932,4.54146369475932,4.54146369475932,4.54146369475933,4.54146369475933,4.54146369475934,4.54146369475931,4.54146369475933,-1.74172161242025,4.54146369475933,0.206756249362792,0.769259347473452,-0.154559671370174,-0.480993557312127,-0.0927043240214708,-0.290045934665694,0.448307035415208,0.749879606532107,0.227991455554589,0.358724894940933,0.276921995524786,0.204632182149121,0.579319088307626,0.146087607359132,-0.0717350817094083,-0.465742305896976,0.641175634160055,-0.344602550545292,-0.618781191383867,-0.150843914871514
87,69.1725134422211,4.54146369475932,4.54146369475932,4.54146369475932,4.54146369475933,4.54146369475933,4.54146369475933,4.54146369475932,4.54146369475933,-1.74172161242025,4.54146369475933,0.206912069904624,0.769266760152308,-0.154556743565028,-0.480994465068791,-0.0928213031545313,-0.290101315851924,0.448186198665956,0.749800286365771,0.227961594350816,0.358962020110415,0.27714497741393,0.204643250643927,0.579277759135767,0.145991639299544,-0.0717640638826891,-0.465627839289191,0.641179967765771,-0.344600201369915,-0.618784101063143,-0.151029925560338
88,70.3431582280195,4.54146369475932,4.54146369475932,4.54146369475932,4.54146369475933,4.54146369475933,4.54146369475933,4.54146369475932,4.54146369475933,-1.74172161242026,4.54146369475933,0.206930776589218,0.769282510774903,-0.15462869914604,-0.480999687634039,-0.0925682020994413,-0.290126311450038,0.448180034718952,0.749892755500199,0.227853939504854,0.358797985151049,0.276918691299141,0.204674792997219,0.579196450137839,0.14598971138702,-0.071646095011516,-0.465610781640834,0.641295296001001,-0.344660916817364,-0.618800212030915,-0.150925473227927
89,71.519017361138,4.54146369475933,4.54146369475932,4.54146369475932,4.54146369475933,4.54146369475933,4.54146369475933,4.54146369475932,4.54146369475933,-1.74172161242026,4.54146369475933,0.207076406327009,0.769287063327267,-0.154617633853119,-0.481000878996613,-0.0926998762799846,-0.290174056222745,0.448067514500358,0.749813707461657,0.227836425540154,0.359026430105634,0.277139722116846,0.204683319072043,0.579164762308979,0.145903849969974,-0.0716801027418528,-0.465506947817606,0.641290500721617,-0.344649906324202,-0.618803532646131,-0.151110201566005
90,72.6985304435502,4.54146369475933,4.54146369475933,4.54146369475933,4.54146369475933,4.54146369475933,4.54146369475933,4.54146369475932,4.54146369475933,-1.74172161242026,4.54146369475933,0.207083674312907,0.769300214358512,-0.154682617137966,-0.481006591392893,-0.0924565635991183,-0.290191562702569,0.44807047136022,0.749908073263484,0.227739717079885,0.358850286367154,0.276907091173578,0.204712448360198,0.579092186267391,0.145912394846724,-0.071565678131595,-0.465500970542292,0.641398494194083,-0.34470314834472,-0.618819946015989,-0.151001408713714
91,73.8735791028123,4.54146369475933,4.54146369475933,4.54146369475933,4.54146369475933,4.54146369475933,4.54146369475933,4.54146369475933,4.54146369475933,-1.74172161242026,4.54146369475933,0.207219866506784,0.7693022490366,-0.15466445323918,-0.481007976722198,-0.092601201479792,-0.290232592317716,0.447965599425404,0.749829139470107,0.227733215132772,0.359071256096835,0.277126702250069,0.204718616178384,0.57906919352733,0.145835369586727,-0.0716043852381627,-0.465406631667075,0.641385396709306,-0.344684617890957,-0.618823505764873,-0.151184674597086
92,75.0451767029381,4.54146369475933,4.54146369475933,4.54146369475933,4.54146369475933,4.54146369475933,4.54146369475933,4.54146369475933,4.54146369475933,-1.74172161242026,4.54146369475933,0.207219578451381,0.769313088776531,-0.154722493322757,-0.481014030442034,-0.0923716976531464,-0.290244319210308,0.447974516216086,0.749922462441176,0.227646862897907,0.358891133754781,0.276895678431477,0.204745389406976,0.579004566869071,0.145851198714555,-0.0714952074750026,-0.465408423776116,0.641485514917188,-0.344730622229222,-0.618839975742295,-0.151076656022968
93,76.2173001673699,4.54146369475933,4.54146369475933,4.54146369475933,4.54146369475933,4.54146369475933,4.54146369475933,4.54146369475933,4.54146369475933,-1.74172161242026,4.54146369475933,0.207347754682404,0.769313174111541,-0.154699273070949,-0.481015642800235,-0.0925238821959268,-0.290279943220136,0.447876265620987,0.749844912248708,0.227648353658974,0.359103382874249,0.277110954789212,0.204749937767233,0.578987967404086,0.14578171818295,-0.0715363595746949,-0.465322050618298,0.641466822180659,-0.344706509468361,-0.618843939141461,-0.151257078427662
94,77.3938914279052,4.54146369475933,4.54146369475933,4.54146369475933,4.54146369475933,4.54146369475933,4.54146369475933,4.54146369475933,4.54146369475933,-1.74172161242026,4.54146369475933,0.207340325242811,0.769322216674801,-0.1547524294,-0.481022053118444,-0.0923020041813062,-0.290286792310199,0.447890924265844,0.749939043783335,0.227569526878871,0.358916344073902,0.276877021537439,0.204775043659573,0.578929261378404,0.145804229516749,-0.0714299306172183,-0.46533086618253,0.641561754032807,-0.344747191960772,-0.618860650376666,-0.151147207894123
95,78.5706269972414,4.54146369475933,4.54146369475933,4.54146369475933,4.54146369475933,4.54146369475933,4.54146369475933,4.54146369475933,4.54146369475933,-1.74172161242026,4.54146369475933,0.207462820696187,0.769320546990467,-0.154724155590824,-0.481023784892776,-0.0924644048816012,-0.290318095390037,0.447797337289294,0.749860896517802,0.227578710353988,0.359125230817118,0.277093245905389,0.204777953871265,0.578918631331392,0.145740238859909,-0.0714747661970125,-0.465250398848761,0.641537024142857,-0.344717715017002,-0.618864776811608,-0.151327974142766
96,79.7449864037095,4.54146369475933,4.54146369475933,4.54146369475933,4.54146369475933,4.54146369475933,4.54146369475933,4.54146369475933,4.54146369475933,-1.74172161242026,4.54146369475933,0.20744947279779,0.769328042044482,-0.154772944352799,-0.481030451582769,-0.0922502464421783,-0.290320868635166,0.447816698068308,0.749955080681063,0.227506626972806,0.35893369235808,0.276858439939106,0.20480149674778,0.578865223253433,0.145768115275076,-0.0713713307657264,-0.465264966017281,0.641627033273109,-0.344753720633953,-0.618881576037182,-0.151217251940698
97,80.9168960297785,4.54146369475933,4.54146369475933,4.54146369475933,4.54146369475933,4.54146369475933,4.54146369475933,4.54146369475933,4.54146369475933,-1.74172161242026,4.54146369475933,0.207566085289697,0.769325023591583,-0.154741303904384,-0.481032327668646,-0.0924173495648062,-0.290348408215069,0.447727980039782,0.749878102860962,0.227521283941478,0.35913601553902,0.27707113993452,0.204803285537066,0.578859026531724,0.1457094470988,-0.0714177116262277,-0.465190187142771,0.641598484086259,-0.344720493136059,-0.618885975836953,-0.151395552352694
98,82.0907996835609,4.54146369475933,4.54146369475933,4.54146369475933,4.54146369475933,4.54146369475933,4.54146369475933,4.54146369475933,4.54146369475933,-1.74172161242026,4.54146369475933,0.207548397254511,0.769331245210498,-0.154786441530308,-0.481039230559,-0.0922099836520729,-0.290347975313029,0.447750824116353,0.749972107607635,0.227454692271251,0.358941466503779,0.276836284066107,0.204825579317903,0.578809859239326,0.145741476512732,-0.0713168102222506,-0.465209127637414,0.641684457459787,-0.344752540418947,-0.618902898975958,-0.151284816247622
99,83.2664504475524,4.54146369475933,4.54146369475933,4.54146369475933,4.54146369475933,4.54146369475933,4.54146369475933,4.54146369475933,4.54146369475933,-1.74172161242026,4.54146369475933,0.207661186956425,0.769327038608477,-0.154751473016725,-0.48104119403373,-0.0923836644014041,-0.290372634166797,0.447665295514265,0.749894876736086,0.227474435125052,0.359141234587969,0.277049310966987,0.204826314035457,0.578807603859541,0.145686529321672,-0.0713654845611496,-0.465138336386351,0.641651944886825,-0.344715731942073,-0.618907457043609,-0.151463230043636
100,84.4422810239204,4.54146369475933,4.54146369475933,4.54146369475933,4.54146369475933,4.54146369475933,4.54146369475933,4.54146369475933,4.54146369475933,-1.74172161242026,4.54146369475933,0.207639060437741,0.769332248150768,-0.15479393503415,-0.481048299073721,-0.0921802553136132,-0.290369372597996,0.447691685269708,0.749989471840935,0.227412109822999,0.358942388406946,0.276812428540539,0.204847605161875,0.578761863374754,0.14572244221048,-0.0712661401898668,-0.465161425717742,0.641734989212837,-0.344744813653394,-0.618924489219075,-0.151350996626743
101,85.615695171138,4.54146369475933,4.54146369475933,4.54146369475933,4.54146369475933,4.54146369475933,4.54146369475933,4.54146369475933,4.54146369475933,-1.74172161242026,4.54146369475933,0.207748010165258,0.769327097038715,-0.154756526221403,-0.481050330862953,-0.0923579280076228,-0.290391528542615,0.447609336213572,0.749912662518086,0.227435797245492,0.359138512363085,0.277024043030017,0.204847516380061,0.578762770889781,0.145670928770201,-0.0713162119622444,-0.465094364863137,0.64169955358565,-0.34470534206628,-0.618929185985602,-0.151528244684784
102,86.7888504159129,4.54146369475933,4.54146369475933,4.54146369475933,4.54146369475933,4.54146369475933,4.54146369475933,4.54146369475933,4.54146369475933,-1.74172161242026,4.54146369475933,0.207723025033501,0.769331425895105,-0.154796376256827,-0.481057587002288,-0.0921597920208515,-0.29038610710004,0.447637994346013,0.750006818921746,0.227377392927268,0.358938307165992,0.276787923095268,0.204867879297038,0.578720050865076,0.145709520616282,-0.0712189263859694,-0.465120309823191,0.641779604610088,-0.344731607040809,-0.618946259315301,-0.15141641282482
103,87.9628884681084,4.54146369475933,4.54146369475933,4.54146369475933,4.54146369475933,4.54146369475933,4.54146369475933,4.54146369475933,4.54146369475933,-1.74172161242026,4.54146369475933,0.20782906664,0.769325487577907,-0.154756913008769,-0.481059681972158,-0.0923409933318983,-0.290406265890211,0.447558090607299,0.749930257706094,0.227404326491431,0.359131727089922,0.276998686044376,0.204867139823227,0.578723518364368,0.145660732142705,-0.0712701650818154,-0.465056174670638,0.641741743531191,-0.344689882075351,-0.618951101039612,-0.151593033944788
104,89.1384453585029,4.54146369475933,4.54146369475933,4.54146369475933,4.54146369475933,4.54146369475933,4.54146369475933,4.54146369475933,4.54146369475933,-1.74172161242026,4.54146369475933,0.207801051354807,0.769329141794646,-0.15479499581092,-0.481067090737385,-0.0921453655846299,-0.290398929874355,0.447589168866767,0.750024875381861,0.227348750574933,0.358928495943893,0.276761031435498,0.204886825314058,0.578683079784508,0.145701959542791,-0.0711738830235168,-0.465084918709971,0.641819891922099,-0.344714145736494,-0.618968263069274,-0.151480114366035
105,90.3130352447601,4.54146369475933,4.54146369475933,4.54146369475933,4.54146369475933,4.54146369475933,4.54146369475933,4.54146369475933,4.54146369475933,-1.74172161242026,4.54146369475933,0.207904761420845,0.769322541833152,-0.154753726167461,-0.48106920652126,-0.0923300829323132,-0.290417470645082,0.447511205466526,0.749948218949071,0.22737854277707,0.35912031772907,0.276971846974518,0.204885489282671,0.578688793384514,0.145655285985068,-0.0712263840064764,-0.465023118600781,0.641779764297997,-0.344670502635934,-0.618973165646948,-0.151656545940966
106,91.486798031753,4.54146369475933,4.54146369475933,4.54146369475933,4.54146369475933,4.54146369475933,4.54146369475933,4.54146369475933,4.54146369475933,-1.74172161242026,4.54146369475933,0.207874604358054,0.769325616741767,-0.154790108895479,-0.481076718665125,-0.0921377505285216,-0.290408635651301,0.447543961191029,0.750042633027227,0.227325585905384,0.358915914426583,0.276734421642297,0.204904523774915,0.578650411340672,0.145698387460658,-0.0711314674142435,-0.465053886784851,0.641855937032002,-0.344692915987081,-0.6189903376721,-0.151543610298605
107,92.6601200289154,4.54146369475933,4.54146369475933,4.54146369475933,4.54146369475933,4.54146369475933,4.54146369475933,4.54146369475933,4.54146369475933,-1.74172161242026,4.54146369475933,0.207976095898018,0.769318497943095,-0.154747572566434,-0.481078867122919,-0.0923243097489695,-0.290425792624562,0.447467860894804,0.749966377812562,0.227357478105979,0.359105333318043,0.276944045301433,0.204902775197976,0.578657819525194,0.145653683495687,-0.0711845567112518,-0.464994231493166,0.641814284605089,-0.344647877715601,-0.618995340886149,-0.151719138225548
108,93.8347422472196,4.54146369475933,4.54146369475933,4.54146369475933,4.54146369475933,4.54146369475933,4.54146369475933,4.54146369475933,4.54146369475933,-1.74172161242026,4.54146369475933,0.20794402529237,0.769321112956292,-0.154782673874587,-0.481086484164122,-0.0921341120357299,-0.290415689427759,0.447502127028146,0.750060888383938,0.227306528776779,0.358899378974289,0.276706122816518,0.204921310414685,0.578621037837536,0.145698451645726,-0.071090525662054,-0.465026769875933,0.641889042611508,-0.34466884630629,-0.619012555216137,-0.151605805171895
109,95.0094863422507,4.54146369475933,4.54146369475933,4.54146369475933,4.54146369475933,4.54146369475933,4.54146369475933,4.54146369475933,4.54146369475933,-1.74172161242026,4.54146369475933,0.20804403964799,0.769313539801568,-0.154738874371305,-0.481088631586033,-0.0923232957688567,-0.290431789645321,0.447427268887292,0.74998445070949,0.227340408091465,0.359087986143328,0.276916103732696,0.20491915878051,0.578629989796483,0.145655104506705,-0.0711445465105392,-0.464968631889412,0.641845759930532,-0.344622490813152,-0.619017591829466,-0.151781392610692
110,96.1839928072522,4.54146369475933,4.54146369475933,4.54146369475933,4.54146369475933,4.54146369475933,4.54146369475933,4.54146369475933,4.54146369475933,-1.74172161242026,4.54146369475933,0.20801028272436,0.769315788753375,-0.15477294468922,-0.481096327027794,-0.092134807905764,-0.29042062978417,0.447462841677559,0.750079028463279,0.22729111965898,0.358880750039013,0.276677763411049,0.204937255755395,0.578594556973983,0.145701246175506,-0.0710512960637064,-0.465002661555252,0.641919332959498,-0.344642305481227,-0.619034811292413,-0.151667617789169
111,97.3575095021748,4.54146369475933,4.54146369475933,4.54146369475933,4.54146369475933,4.54146369475933,4.54146369475933,4.54146369475933,4.54146369475933,-1.74172161242026,4.54146369475933,0.208108745982725,0.769307868345004,-0.154728300814046,-0.481098475784789,-0.092325252329907,-0.290435806099886,0.447389281240093,0.750002833061029,0.227326440530361,0.359067767779033,0.276887003666305,0.204934821826656,0.578604680906405,0.145659215812942,-0.0711057403793345,-0.464945997283732,0.641874963033568,-0.344595049763914,-0.619039894100647,-0.151842540624584
112,98.531530994773,4.54146369475933,4.54146369475933,4.54146369475933,4.54146369475933,4.54146369475933,4.54146369475933,4.54146369475933,4.54146369475933,-1.74172161242026,4.54146369475933,0.208095829997921,0.76930843201882,-0.154743834312364,-0.481102949182675,-0.0922336683584933,-0.290430142805126,0.447404714103743,0.750050460995004,0.227302062179539,0.358964197273247,0.276767943119431,0.204944562507724,0.578586191084122,0.145682715979413,-0.0710577199745898,-0.46496179760909,0.641912483124828,-0.344602393234835,-0.619049851830076,-0.151790670073265
113,99.2657654973865,4.54146369475933,4.54146369475933,4.54146369475933,4.54146369475933,4.54146369475933,4.54146369475933,4.54146369475933,4.54146369475933,-1.74172161242026,4.54146369475933,0.208114787899374,0.769306527128782,-0.154740325438905,-0.48110606950786,-0.0922336703989417,-0.290430811518078,0.447393848327214,0.750056856330739,0.227298183973279,0.358955775114014,0.276756966418896,0.204949348534974,0.578578756580846,0.145684973001213,-0.0710453730363243,-0.464955763627974,0.641921450220663,-0.344593518135941,-0.619056885023995,-0.151808491838693
114,100.0,,,,,,,,,,,,,,,,,,,,,,,,,,,,,,
